Player Name,Team,Age,Positions,GP,TOI,G,A,PTS,SOG,PPG,PPP,SHG,SHP,BLK,HIT,+/-,PIM,GWG,FOW,FOL,FO%,,GPGoalie,W,L,OTL,SO,SV,SVPct,GA
Connor McDavid,EDM,29,C,79,22.4,0.46,1.12,1.58,3.38,0.14,0.55,0.00,0.00,0.38,0.94,0.16,0.44,0.08,5.94,5.94,0.50,,,,,,,,,
Nathan MacKinnon,COL,30,C,80,22.7,0.49,0.99,1.47,4.27,0.11,0.45,0.00,0.00,0.74,0.58,0.14,0.43,0.08,8.68,9.62,0.47,,,,,,,,,
Nikita Kucherov,T.B,32,RW,81,21.0,0.44,1.01,1.45,3.40,0.10,0.50,0.00,0.00,0.44,0.45,0.13,0.41,0.08,0.02,0.01,0.62,,,,,,,,,
Leon Draisaitl,EDM,30,"C,LW",80,21.8,0.62,0.80,1.42,3.24,0.25,0.51,0.00,0.00,0.40,0.52,0.15,0.52,0.11,9.72,7.81,0.55,,,,,,,,,
David Pastrnak,BOS,29,RW,82,20.1,0.54,0.70,1.24,4.10,0.12,0.32,0.00,0.00,0.32,0.79,0.01,0.49,0.08,0.05,0.09,0.37,,,,,,,,,
Kirill Kaprizov,MIN,28,LW,72,22.5,0.57,0.65,1.21,3.62,0.16,0.38,0.00,0.00,0.49,0.64,0.06,0.50,0.09,0.01,0.05,0.11,,,,,,,,,
Auston Matthews,TOR,28,C,78,21.8,0.61,0.60,1.21,4.22,0.17,0.36,0.02,0.02,1.26,0.89,0.12,0.30,0.09,10.02,8.37,0.54,,,,,,,,,
Mitch Marner,VGK,28,RW,80,20.8,0.34,0.84,1.18,2.25,0.08,0.36,0.01,0.02,0.55,0.71,0.09,0.29,0.06,0.06,0.27,0.19,,,,,,,,,
Jack Hughes,N.J,24,"C,LW",75,20.9,0.46,0.71,1.17,3.87,0.11,0.42,0.01,0.02,0.47,0.22,0.08,0.26,0.07,3.40,5.80,0.37,,,,,,,,,
Jack Eichel,VGK,29,C,77,20.9,0.40,0.73,1.13,3.37,0.09,0.36,0.01,0.02,0.78,0.43,0.10,0.22,0.07,7.24,8.66,0.46,,,,,,,,,
Artemi Panarin,NYR,34,LW,82,19.8,0.45,0.68,1.12,2.99,0.10,0.35,0.00,0.00,0.19,0.30,0.05,0.33,0.08,0.01,0.05,0.11,,,,,,,,,
Cale Makar,COL,27,D,79,25.8,0.30,0.79,1.10,2.98,0.11,0.44,0.01,0.03,1.70,0.69,0.10,0.31,0.05,0.00,0.00,0.00,,,,,,,,,
Mikko Rantanen,DAL,29,"LW,RW",82,21.0,0.45,0.65,1.09,2.83,0.13,0.34,0.00,0.00,0.55,0.64,0.08,0.61,0.08,1.99,1.82,0.52,,,,,,,,,
Matthew Tkachuk,FLA,28,"LW,RW",52,18.7,0.37,0.69,1.07,3.22,0.11,0.33,0.00,0.00,0.33,1.56,0.12,0.78,0.06,0.05,0.10,0.33,,,,,,,,,
William Nylander,TOR,29,"C,RW",82,19.6,0.49,0.56,1.05,3.32,0.13,0.35,0.00,0.00,0.35,0.30,0.08,0.35,0.07,0.78,0.87,0.47,,,,,,,,,
Sidney Crosby,PIT,38,C,82,20.5,0.40,0.65,1.05,2.99,0.11,0.27,0.00,0.00,0.51,0.95,-0.04,0.44,0.05,12.79,9.86,0.56,,,,,,,,,
Clayton Keller,UTA,27,"LW,RW",81,19.1,0.39,0.65,1.04,2.71,0.12,0.40,0.00,0.00,0.39,0.25,0.00,0.41,0.06,0.18,0.30,0.38,,,,,,,,,
Kyle Connor,WPG,29,LW,80,20.5,0.46,0.58,1.04,3.26,0.09,0.29,0.01,0.01,0.51,0.34,0.05,0.28,0.08,0.02,0.08,0.20,,,,,,,,,
Quinn Hughes,VAN,26,D,79,25.6,0.18,0.86,1.04,2.60,0.05,0.40,0.00,0.00,1.03,0.39,0.05,0.43,0.03,0.00,0.00,0.26,,,,,,,,,
Aleksander Barkov,FLA,30,C,77,20.1,0.31,0.72,1.04,2.44,0.10,0.36,0.01,0.03,0.74,1.25,0.11,0.29,0.05,8.87,6.86,0.56,,,,,,,,,
Brayden Point,T.B,30,C,81,19.5,0.52,0.51,1.03,2.59,0.18,0.34,0.00,0.00,0.56,0.37,0.10,0.18,0.09,5.13,5.54,0.48,,,,,,,,,
Robert Thomas,STL,26,C,79,19.6,0.31,0.71,1.02,2.00,0.07,0.26,0.01,0.02,0.58,0.28,0.04,0.37,0.05,9.76,8.53,0.53,,,,,,,,,
Jesper Bratt,N.J,27,"LW,RW",82,19.1,0.30,0.70,1.00,2.48,0.07,0.35,0.01,0.03,0.49,1.01,0.07,0.22,0.05,0.01,0.06,0.13,,,,,,,,,
Jason Robertson,DAL,26,"LW,RW",82,18.0,0.41,0.59,1.00,2.77,0.11,0.29,0.00,0.00,0.49,0.79,0.10,0.28,0.07,0.02,0.14,0.15,,,,,,,,,
Macklin Celebrini,S.J,19,C,77,20.0,0.40,0.60,1.00,3.35,0.13,0.31,0.00,0.00,0.73,0.59,-0.11,0.46,0.05,7.32,7.87,0.48,,,,,,,,,
Sam Reinhart,FLA,30,"C,RW",81,20.3,0.50,0.50,1.00,2.73,0.18,0.32,0.04,0.05,0.76,1.12,0.09,0.30,0.09,2.84,3.53,0.45,,,,,,,,,
Brandon Hagel,T.B,27,"LW,RW",82,20.8,0.38,0.61,0.99,2.66,0.03,0.14,0.01,0.04,0.69,0.75,0.12,0.63,0.07,0.16,0.30,0.35,,,,,,,,,
Nick Suzuki,MTL,26,C,82,20.8,0.37,0.61,0.98,2.18,0.08,0.31,0.02,0.03,0.80,0.78,0.03,0.30,0.06,8.40,8.11,0.51,,,,,,,,,
Lucas Raymond,DET,23,RW,81,19.5,0.37,0.61,0.98,2.35,0.09,0.35,0.01,0.01,0.43,0.66,-0.04,0.35,0.05,0.03,0.09,0.26,,,,,,,,,
Elias Pettersson,VAN,27,"C,LW",79,20.1,0.36,0.61,0.98,2.32,0.12,0.30,0.01,0.02,1.07,1.24,0.02,0.25,0.06,6.88,7.47,0.48,,,,,,,,,
Jake Guentzel,T.B,31,LW,79,20.0,0.45,0.52,0.97,2.89,0.13,0.29,0.01,0.01,0.59,0.53,0.12,0.41,0.08,1.46,2.11,0.41,,,,,,,,,
Tim Stützle,OTT,24,"C,LW",81,19.5,0.32,0.65,0.97,2.21,0.06,0.31,0.00,0.00,0.54,1.40,0.03,0.46,0.05,2.39,2.83,0.46,,,,,,,,,
J.T. Miller,NYR,33,"C,RW",80,18.9,0.33,0.63,0.97,2.15,0.08,0.30,0.01,0.04,0.71,2.28,0.03,0.68,0.06,8.41,6.45,0.57,,,,,,,,,
Tage Thompson,BUF,28,"C,RW",79,18.8,0.51,0.45,0.96,3.34,0.13,0.26,0.00,0.00,0.42,0.96,0.03,0.43,0.07,4.26,5.65,0.43,,,,,,,,,
Sebastian Aho,CAR,28,C,80,19.8,0.40,0.56,0.96,2.67,0.09,0.30,0.03,0.05,0.37,0.74,0.09,0.53,0.07,7.89,6.71,0.54,,,,,,,,,
Connor Bedard,CHI,20,"C,RW",79,20.7,0.35,0.61,0.95,2.63,0.12,0.37,0.00,0.00,0.46,0.67,-0.13,0.55,0.05,3.15,5.04,0.38,,,,,,,,,
Mark Scheifele,WPG,33,C,81,20.6,0.41,0.54,0.95,2.29,0.11,0.26,0.00,0.00,0.67,0.88,0.06,0.49,0.07,7.64,8.05,0.49,,,,,,,,,
Nico Hischier,N.J,27,C,79,20.6,0.42,0.53,0.95,2.71,0.13,0.30,0.01,0.03,0.75,0.61,0.08,0.26,0.07,12.85,10.32,0.55,,,,,,,,,
Matt Boldy,MIN,24,"LW,RW",81,20.6,0.38,0.56,0.95,3.29,0.09,0.29,0.00,0.00,0.73,0.65,0.04,0.61,0.06,0.74,0.83,0.47,,,,,,,,,
Martin Necas,COL,27,RW,81,18.8,0.35,0.60,0.95,2.70,0.14,0.38,0.00,0.00,0.35,0.86,0.07,0.39,0.06,0.87,1.38,0.38,,,,,,,,,
Zach Werenski,CBJ,28,D,73,27.0,0.23,0.71,0.94,3.46,0.05,0.28,0.01,0.02,1.74,0.42,0.03,0.41,0.03,0.00,0.00,0.00,,,,,,,,,
Logan Cooley,UTA,21,C,80,19.2,0.38,0.56,0.93,2.34,0.11,0.33,0.00,0.00,0.43,0.83,0.00,0.50,0.06,4.50,6.28,0.42,,,,,,,,,
Travis Konecny,PHI,29,"LW,RW",79,20.8,0.37,0.57,0.93,2.66,0.07,0.18,0.03,0.05,0.52,1.13,-0.05,0.69,0.05,0.50,0.72,0.41,,,,,,,,,
Filip Forsberg,NSH,31,LW,79,18.7,0.41,0.52,0.93,3.49,0.12,0.30,0.00,0.00,0.59,1.70,-0.03,0.51,0.06,0.06,0.14,0.30,,,,,,,,,
Dylan Guenther,UTA,22,RW,75,18.4,0.42,0.51,0.92,3.02,0.19,0.40,0.00,0.00,0.62,0.86,0.00,0.41,0.06,0.15,0.31,0.32,,,,,,,,,
Mathew Barzal,NYI,28,"C,RW",74,20.7,0.28,0.64,0.92,2.83,0.06,0.26,0.00,0.00,0.70,0.76,0.02,0.40,0.04,0.99,1.42,0.41,,,,,,,,,
Nikolaj Ehlers,CAR,30,"LW,RW",76,17.8,0.34,0.58,0.92,2.92,0.07,0.29,0.00,0.00,0.51,0.61,0.10,0.35,0.06,0.08,0.19,0.30,,,,,,,,,
Adrian Kempe,L.A,29,RW,81,19.6,0.42,0.50,0.92,3.07,0.09,0.25,0.01,0.02,0.46,1.28,0.05,0.58,0.07,0.12,0.22,0.35,,,,,,,,,
Dylan Larkin,DET,29,C,80,20.1,0.39,0.52,0.91,2.94,0.16,0.32,0.01,0.01,0.45,0.60,-0.02,0.48,0.06,10.50,8.69,0.55,,,,,,,,,
Seth Jarvis,CAR,24,"C,LW,RW",80,19.6,0.41,0.48,0.89,2.69,0.10,0.24,0.05,0.07,0.69,1.28,0.10,0.25,0.07,0.86,1.40,0.38,,,,,,,,,
Wyatt Johnston,DAL,22,"C,RW",82,18.8,0.42,0.47,0.89,2.54,0.11,0.26,0.02,0.02,0.56,0.62,0.08,0.34,0.07,4.88,5.06,0.49,,,,,,,,,
Dylan Strome,WSH,29,C,82,17.5,0.32,0.57,0.89,1.95,0.09,0.34,0.00,0.00,0.65,0.34,0.02,0.36,0.05,8.10,7.41,0.52,,,,,,,,,
Roope Hintz,DAL,29,C,80,18.1,0.39,0.50,0.89,2.34,0.10,0.26,0.01,0.02,0.60,0.73,0.10,0.40,0.07,5.70,4.81,0.54,,,,,,,,,
John Tavares,TOR,35,C,80,18.4,0.41,0.47,0.88,2.98,0.14,0.28,0.00,0.00,0.55,1.32,0.07,0.50,0.06,10.21,7.20,0.59,,,,,,,,,
Adam Fox,NYR,28,D,79,24.7,0.17,0.71,0.88,1.96,0.03,0.31,0.00,0.02,1.66,0.67,0.07,0.49,0.03,0.00,0.00,0.00,,,,,,,,,
Matvei Michkov,PHI,21,RW,81,17.9,0.36,0.51,0.88,2.63,0.11,0.24,0.00,0.00,0.35,0.49,-0.04,0.47,0.05,0.25,0.29,0.46,,,,,,,,,
Alex Ovechkin,WSH,40,"LW,RW",78,17.8,0.47,0.39,0.86,3.41,0.17,0.31,0.00,0.00,0.28,1.69,0.00,0.32,0.08,0.01,0.04,0.12,,,,,,,,,
Brady Tkachuk,OTT,26,"C,LW",80,18.6,0.41,0.44,0.86,4.02,0.13,0.26,0.00,0.00,0.44,3.03,0.05,1.09,0.07,2.84,2.72,0.51,,,,,,,,,
Bryan Rust,PIT,33,RW,77,19.9,0.39,0.46,0.85,2.83,0.06,0.21,0.00,0.00,0.75,0.88,-0.06,0.36,0.05,0.09,0.12,0.44,,,,,,,,,
Evan Bouchard,EDM,26,D,82,23.7,0.17,0.67,0.85,2.77,0.05,0.34,0.00,0.00,1.34,0.63,0.14,0.43,0.03,0.00,0.00,0.00,,,,,,,,,
Lane Hutson,MTL,22,D,80,23.1,0.10,0.75,0.84,1.28,0.02,0.36,0.00,0.00,1.46,0.58,0.04,0.47,0.02,0.00,0.00,0.00,,,,,,,,,
Kevin Fiala,L.A,29,LW,81,18.5,0.38,0.46,0.84,2.97,0.14,0.32,0.00,0.00,0.32,0.78,0.04,0.58,0.06,0.16,0.27,0.38,,,,,,,,,
Gabriel Vilardi,WPG,26,"C,RW",73,18.2,0.40,0.44,0.84,2.05,0.15,0.30,0.00,0.00,0.65,0.42,0.07,0.31,0.07,0.99,1.08,0.48,,,,,,,,,
Kirill Marchenko,CBJ,25,RW,79,18.8,0.38,0.45,0.83,2.69,0.08,0.23,0.00,0.00,0.52,0.73,0.03,0.30,0.05,0.22,0.37,0.37,,,,,,,,,
Rasmus Dahlin,BUF,25,D,80,24.3,0.22,0.62,0.83,2.68,0.07,0.29,0.00,0.00,1.50,1.46,0.04,0.74,0.03,0.00,0.00,0.00,,,,,,,,,
Mark Stone,VGK,33,RW,68,18.1,0.26,0.57,0.83,2.06,0.05,0.19,0.02,0.03,0.66,0.58,0.09,0.30,0.05,0.03,0.15,0.16,,,,,,,,,
Matthew Knies,TOR,23,LW,81,19.7,0.37,0.46,0.83,2.16,0.08,0.26,0.00,0.00,0.54,2.26,0.07,0.63,0.06,0.00,0.01,0.00,,,,,,,,,
Will Smith,S.J,20,"C,RW",78,18.6,0.33,0.50,0.83,2.13,0.07,0.24,0.00,0.00,0.30,0.35,-0.10,0.36,0.04,1.03,1.79,0.37,,,,,,,,,
Shea Theodore,VGK,30,D,72,22.3,0.12,0.70,0.82,2.08,0.04,0.28,0.00,0.00,1.38,0.33,0.08,0.37,0.02,0.00,0.00,0.00,,,,,,,,,
Alex Debrincat,DET,28,"LW,RW",82,17.9,0.38,0.43,0.82,2.91,0.13,0.29,0.00,0.00,0.46,0.60,-0.02,0.38,0.06,0.27,0.32,0.46,,,,,,,,,
Quinton Byfield,L.A,23,"C,LW",79,19.9,0.32,0.49,0.82,2.28,0.08,0.17,0.01,0.01,0.41,1.00,0.07,0.59,0.05,4.57,5.56,0.45,,,,,,,,,
Cole Caufield,MTL,25,"LW,RW",78,18.0,0.40,0.41,0.81,3.02,0.11,0.22,0.00,0.00,0.36,0.75,0.03,0.21,0.06,0.06,0.11,0.36,,,,,,,,,
Josh Morrissey,WPG,31,D,81,24.5,0.16,0.65,0.81,2.24,0.03,0.25,0.00,0.00,1.43,0.82,0.09,0.46,0.03,0.00,0.00,0.00,,,,,,,,,
Rickard Rakell,PIT,32,"C,LW,RW",80,20.7,0.37,0.44,0.81,2.82,0.08,0.18,0.00,0.00,0.91,1.57,-0.05,0.30,0.04,0.19,0.31,0.38,,,,,,,,,
Roman Josi,NSH,35,D,70,25.2,0.21,0.60,0.81,3.03,0.07,0.31,0.00,0.01,1.85,0.78,-0.03,0.50,0.03,0.00,0.00,0.00,,,,,,,,,
Sean Monahan,CBJ,31,C,71,19.0,0.30,0.51,0.81,2.31,0.08,0.20,0.01,0.03,0.61,0.57,0.03,0.31,0.04,10.81,9.22,0.54,,,,,,,,,
Dylan Holloway,STL,24,"LW,RW",72,17.2,0.34,0.46,0.80,2.30,0.08,0.19,0.00,0.00,0.59,2.08,0.05,0.38,0.05,0.46,0.52,0.47,,,,,,,,,
Victor Hedman,T.B,35,D,80,24.2,0.15,0.65,0.80,2.33,0.04,0.29,0.00,0.00,1.67,0.73,0.11,0.49,0.03,0.00,0.00,0.00,,,,,,,,,
Andrei Svechnikov,CAR,25,"LW,RW",75,17.6,0.32,0.48,0.80,2.62,0.12,0.28,0.00,0.00,0.35,2.02,0.07,0.81,0.06,0.03,0.05,0.37,,,,,,,,,
Alex Tuch,BUF,29,RW,80,18.9,0.37,0.42,0.79,2.45,0.04,0.14,0.04,0.05,1.17,0.90,0.03,0.49,0.05,0.80,1.16,0.41,,,,,,,,,
Nazem Kadri,CGY,35,C,82,19.2,0.36,0.44,0.79,3.37,0.10,0.23,0.00,0.00,0.38,0.74,-0.05,0.56,0.05,8.21,9.07,0.48,,,,,,,,,
Drake Batherson,OTT,27,"LW,RW",82,17.9,0.31,0.48,0.78,2.38,0.12,0.30,0.00,0.00,0.39,1.52,0.01,0.39,0.05,0.19,0.25,0.43,,,,,,,,,
Bo Horvat,NYI,30,C,81,20.3,0.38,0.40,0.78,3.01,0.07,0.15,0.02,0.03,0.54,1.06,0.00,0.30,0.06,9.76,7.55,0.56,,,,,,,,,
Zach Hyman,EDM,33,"LW,RW",80,19.0,0.46,0.32,0.78,3.05,0.13,0.23,0.00,0.00,0.37,0.88,0.16,0.49,0.08,0.04,0.06,0.44,,,,,,,,,
Ryan Nugent-Hopkins,EDM,32,"C,LW",81,19.1,0.27,0.51,0.78,2.28,0.09,0.33,0.01,0.03,0.56,0.55,0.10,0.40,0.05,3.39,3.75,0.47,,,,,,,,,
Patrick Kane,DET,37,RW,75,18.0,0.29,0.48,0.77,2.58,0.10,0.31,0.00,0.00,0.33,0.35,-0.03,0.26,0.04,0.04,0.09,0.32,,,,,,,,,
William Eklund,S.J,23,LW,80,19.8,0.26,0.50,0.77,2.03,0.10,0.23,0.01,0.03,0.69,0.66,-0.10,0.37,0.03,0.28,0.63,0.31,,,,,,,,,
Pierre-Luc Dubois,WSH,27,"C,LW",81,18.0,0.27,0.49,0.76,2.04,0.07,0.16,0.00,0.00,0.69,0.95,0.06,0.81,0.04,7.04,7.16,0.50,,,,,,,,,
Jj Peterka,UTA,24,"LW,RW",81,17.3,0.33,0.42,0.76,2.28,0.07,0.18,0.00,0.00,0.24,0.43,0.00,0.33,0.05,0.04,0.12,0.26,,,,,,,,,
Jordan Kyrou,STL,27,RW,82,16.6,0.39,0.37,0.76,2.77,0.09,0.22,0.00,0.00,0.42,0.49,0.02,0.28,0.06,0.03,0.07,0.30,,,,,,,,,
Matt Duchene,DAL,35,"C,RW",81,16.2,0.28,0.48,0.76,1.86,0.06,0.20,0.00,0.00,0.36,0.44,0.09,0.24,0.05,4.60,3.94,0.54,,,,,,,,,
Kent Johnson,CBJ,23,"C,LW,RW",74,17.2,0.31,0.45,0.76,1.89,0.07,0.22,0.00,0.01,0.44,0.25,0.00,0.29,0.04,0.08,0.38,0.17,,,,,,,,,
Steven Stamkos,NSH,36,"C,LW,RW",82,18.5,0.35,0.40,0.75,2.48,0.15,0.30,0.00,0.00,0.57,0.89,-0.07,0.53,0.05,5.21,4.66,0.53,,,,,,,,,
Anze Kopitar,L.A,38,C,82,18.3,0.25,0.49,0.75,1.47,0.06,0.23,0.00,0.01,0.76,0.47,0.03,0.14,0.04,10.19,7.97,0.56,,,,,,,,,
Vincent Trocheck,NYR,32,C,82,20.9,0.28,0.46,0.75,2.53,0.07,0.16,0.04,0.04,0.93,2.26,0.03,0.61,0.05,10.64,7.58,0.58,,,,,,,,,
Joel Eriksson Ek,MIN,29,C,75,20.3,0.32,0.42,0.75,3.14,0.11,0.22,0.01,0.01,0.76,1.81,0.05,0.57,0.05,9.54,9.99,0.49,,,,,,,,,
Brock Boeser,VAN,29,RW,80,18.1,0.35,0.39,0.74,2.17,0.12,0.26,0.00,0.00,0.44,0.89,0.00,0.27,0.06,0.27,0.41,0.40,,,,,,,,,
Jared McCann,SEA,29,"C,LW",81,17.4,0.32,0.42,0.74,2.55,0.07,0.20,0.02,0.02,0.54,0.65,-0.04,0.30,0.04,1.24,1.64,0.43,,,,,,,,,
Mika Zibanejad,NYR,32,"C,RW",82,18.7,0.26,0.48,0.74,2.32,0.09,0.24,0.01,0.06,0.60,0.63,0.02,0.28,0.05,6.71,6.60,0.50,,,,,,,,,
Jonathan Marchessault,NSH,35,RW,81,18.1,0.34,0.39,0.74,2.84,0.08,0.24,0.00,0.00,0.33,1.07,-0.05,0.44,0.05,0.21,0.55,0.28,,,,,,,,,
Tomas Hertl,VGK,32,"C,LW",76,17.3,0.34,0.40,0.73,2.31,0.14,0.27,0.00,0.00,0.71,1.22,0.06,0.34,0.06,7.91,6.17,0.56,,,,,,,,,
Pavel Buchnevich,STL,30,"C,LW,RW",79,17.9,0.28,0.45,0.73,2.01,0.06,0.18,0.01,0.02,0.37,0.63,0.03,0.37,0.05,0.50,0.81,0.38,,,,,,,,,
Cole Perfetti,WPG,24,"C,LW,RW",77,16.8,0.29,0.44,0.73,2.08,0.09,0.26,0.00,0.00,0.52,0.83,0.07,0.31,0.05,0.31,0.64,0.33,,,,,,,,,
Thomas Harley,DAL,24,D,81,23.9,0.20,0.53,0.73,2.20,0.03,0.27,0.00,0.00,1.55,0.65,0.12,0.31,0.03,0.00,0.00,0.00,,,,,,,,,
Morgan Geekie,BOS,27,C,79,17.5,0.35,0.37,0.73,2.06,0.07,0.17,0.00,0.00,0.48,1.47,-0.01,0.40,0.05,3.03,3.54,0.46,,,,,,,,,
Adam Fantilli,CBJ,21,C,76,17.9,0.38,0.35,0.73,2.44,0.04,0.08,0.01,0.01,0.65,1.31,-0.04,0.32,0.05,5.18,7.17,0.42,,,,,,,,,
Mikhail Sergachev,UTA,27,D,74,24.7,0.14,0.58,0.72,1.76,0.04,0.33,0.00,0.00,1.85,1.02,0.00,0.55,0.02,0.00,0.00,0.00,,,,,,,,,
Dylan Cozens,OTT,25,C,82,18.1,0.27,0.45,0.72,2.55,0.07,0.21,0.01,0.01,0.50,2.01,0.00,0.53,0.05,7.33,7.84,0.48,,,,,,,,,
Timo Meier,N.J,29,"LW,RW",79,18.2,0.36,0.35,0.72,3.14,0.11,0.19,0.00,0.00,0.72,1.60,0.06,0.50,0.06,0.19,0.32,0.37,,,,,,,,,
Jonathan Drouin,NYI,31,"LW,RW",72,17.5,0.21,0.50,0.71,1.54,0.06,0.22,0.00,0.00,0.38,0.50,-0.02,0.32,0.03,0.77,0.87,0.47,,,,,,,,,
Leo Carlsson,ANA,21,C,76,19.0,0.31,0.40,0.71,1.90,0.06,0.13,0.01,0.02,0.55,0.47,-0.05,0.31,0.05,4.32,6.84,0.39,,,,,,,,,
Mason McTavish,ANA,23,C,78,17.4,0.30,0.41,0.71,2.35,0.07,0.16,0.00,0.00,0.47,0.96,-0.06,0.69,0.05,6.24,6.52,0.49,,,,,,,,,
Carter Verhaeghe,FLA,30,LW,81,17.2,0.32,0.39,0.71,2.87,0.07,0.17,0.00,0.00,0.34,0.98,0.09,0.51,0.06,0.25,0.34,0.42,,,,,,,,,
Jonathan Huberdeau,CGY,32,"C,LW",81,19.5,0.26,0.45,0.71,1.93,0.08,0.23,0.03,0.04,0.71,0.72,-0.05,0.48,0.04,0.17,0.26,0.39,,,,,,,,,
Tom Wilson,WSH,32,RW,76,19.2,0.35,0.35,0.70,2.29,0.12,0.21,0.02,0.04,0.89,2.78,0.02,1.12,0.06,0.11,0.24,0.31,,,,,,,,,
Valeri Nichushkin,COL,31,"LW,RW",68,18.4,0.35,0.35,0.70,2.50,0.11,0.17,0.00,0.02,0.49,1.17,0.08,0.26,0.06,0.03,0.08,0.29,,,,,,,,,
Evgeni Malkin,PIT,39,"C,LW",80,17.8,0.25,0.45,0.70,2.10,0.06,0.19,0.00,0.00,0.61,0.52,-0.07,0.67,0.03,4.50,4.92,0.48,,,,,,,,,
Aliaksei Protas,WSH,25,RW,78,16.5,0.28,0.42,0.70,1.92,0.00,0.01,0.03,0.05,0.54,0.43,0.05,0.27,0.05,0.19,0.42,0.31,,,,,,,,,
Erik Karlsson,PIT,35,D,82,23.4,0.15,0.54,0.69,2.32,0.03,0.18,0.00,0.00,1.23,0.49,-0.06,0.38,0.02,0.00,0.00,0.00,,,,,,,,,
Tyler Toffoli,S.J,33,"LW,RW",81,17.3,0.37,0.32,0.69,3.01,0.08,0.19,0.00,0.00,0.36,0.83,-0.09,0.27,0.05,0.19,0.19,0.50,,,,,,,,,
Ryan Donato,CHI,29,"LW,RW",80,17.3,0.32,0.37,0.69,2.43,0.06,0.17,0.00,0.00,0.30,1.35,-0.08,0.48,0.05,2.71,3.44,0.44,,,,,,,,,
Marco Rossi,MIN,24,C,76,18.0,0.30,0.39,0.68,1.80,0.06,0.15,0.00,0.00,0.50,0.70,0.04,0.41,0.05,5.34,6.28,0.46,,,,,,,,,
Teuvo Teravainen,CHI,31,"LW,RW",80,17.6,0.23,0.45,0.68,1.70,0.09,0.25,0.01,0.02,0.37,0.41,-0.08,0.23,0.03,0.84,0.96,0.47,,,,,,,,,
Ivan Demidov,MTL,20,RW,75,16.0,0.27,0.41,0.68,2.02,0.07,0.19,0.00,0.00,0.43,1.08,0.01,0.34,0.04,0.00,0.00,0.00,,,,,,,,,
Ryan O'Reilly,NSH,35,C,79,19.5,0.26,0.41,0.68,2.06,0.10,0.22,0.00,0.00,0.82,0.37,-0.04,0.32,0.04,9.75,7.96,0.55,,,,,,,,,
Conor Garland,VAN,30,RW,82,18.7,0.26,0.41,0.67,2.35,0.07,0.20,0.00,0.00,0.64,0.68,0.02,0.45,0.04,0.05,0.16,0.24,,,,,,,,,
Artturi Lehkonen,COL,30,"LW,RW",70,19.2,0.34,0.33,0.67,2.14,0.06,0.14,0.01,0.01,0.53,0.66,0.11,0.43,0.05,0.09,0.19,0.33,,,,,,,,,
Matty Beniers,SEA,23,C,81,20.9,0.29,0.38,0.67,2.06,0.06,0.14,0.00,0.01,0.92,0.67,-0.05,0.25,0.04,7.47,8.64,0.46,,,,,,,,,
Troy Terry,ANA,28,RW,79,17.2,0.25,0.42,0.67,2.22,0.05,0.12,0.00,0.00,0.37,0.21,-0.05,0.30,0.04,0.16,0.15,0.51,,,,,,,,,
Cutter Gauthier,ANA,22,LW,81,16.8,0.30,0.37,0.67,2.66,0.05,0.13,0.00,0.00,0.67,0.98,-0.03,0.34,0.05,0.30,0.51,0.37,,,,,,,,,
Tyler Seguin,DAL,34,"C,RW",69,15.2,0.30,0.37,0.67,2.17,0.06,0.11,0.00,0.00,0.33,0.74,0.09,0.33,0.05,4.94,4.02,0.55,,,,,,,,,
Juraj Slafkovsky,MTL,21,"LW,RW",77,17.3,0.26,0.41,0.66,1.76,0.08,0.17,0.00,0.00,0.76,2.06,0.02,0.59,0.04,0.09,0.15,0.39,,,,,,,,,
Vince Dunn,SEA,29,D,75,22.2,0.16,0.50,0.66,2.04,0.03,0.18,0.00,0.00,1.26,0.67,-0.04,0.62,0.02,0.00,0.00,0.00,,,,,,,,,
Pavel Dorofeyev,VGK,25,RW,78,16.6,0.40,0.26,0.66,2.92,0.13,0.19,0.00,0.00,0.48,0.47,0.09,0.37,0.07,0.05,0.14,0.25,,,,,,,,,
Alexis Lafrenière,NYR,24,"LW,RW",82,17.6,0.28,0.38,0.66,2.14,0.05,0.10,0.00,0.00,0.34,1.28,0.02,0.40,0.05,0.19,0.43,0.31,,,,,,,,,
Dougie Hamilton,N.J,32,D,70,19.8,0.17,0.49,0.66,2.73,0.09,0.27,0.00,0.00,1.30,1.08,0.06,0.53,0.03,0.00,0.00,0.00,,,,,,,,,
Anthony Cirelli,T.B,28,C,79,18.7,0.29,0.37,0.66,2.00,0.04,0.07,0.03,0.05,0.89,0.53,0.12,0.39,0.05,7.78,7.78,0.50,,,,,,,,,
Sam Rinzel,CHI,21,D,65,22.3,0.11,0.55,0.66,2.20,0.03,0.30,0.00,0.01,1.45,1.34,-0.09,0.42,0.02,0.00,0.00,0.00,,,,,,,,,
Shane Wright,SEA,22,C,79,15.8,0.30,0.36,0.66,1.42,0.09,0.18,0.00,0.00,0.80,0.79,-0.05,0.31,0.04,5.21,6.54,0.44,,,,,,,,,
Mikael Granlund,ANA,34,"C,LW,RW",80,18.3,0.19,0.46,0.65,1.85,0.03,0.17,0.01,0.01,0.69,0.73,-0.06,0.35,0.03,4.03,4.45,0.48,,,,,,,,,
Jake Sanderson,OTT,23,D,81,25.2,0.13,0.52,0.65,2.34,0.05,0.27,0.00,0.02,2.02,0.65,0.01,0.29,0.02,0.00,0.00,0.34,,,,,,,,,
Owen Tippett,PHI,27,"LW,RW",80,17.0,0.31,0.33,0.65,2.84,0.05,0.13,0.00,0.00,0.75,1.57,-0.04,0.24,0.05,0.15,0.17,0.46,,,,,,,,,
Pavel Zacha,BOS,28,"C,LW",81,18.6,0.22,0.43,0.65,1.71,0.04,0.12,0.01,0.02,0.38,0.96,-0.02,0.28,0.03,4.63,4.28,0.52,,,,,,,,,
Brock Nelson,COL,34,C,82,17.1,0.30,0.33,0.63,2.29,0.04,0.09,0.02,0.03,0.52,0.48,0.09,0.29,0.05,6.17,6.51,0.49,,,,,,,,,
Nick Schmaltz,UTA,30,"C,RW",80,16.5,0.21,0.42,0.63,1.90,0.07,0.17,0.00,0.00,0.48,0.27,0.00,0.21,0.03,1.68,2.10,0.45,,,,,,,,,
Frank Nazar,CHI,22,C,76,17.8,0.29,0.34,0.63,1.98,0.04,0.12,0.01,0.03,0.68,0.70,-0.10,0.36,0.04,3.55,4.51,0.44,,,,,,,,,
Matt Coronato,CGY,23,RW,76,17.6,0.29,0.34,0.63,2.33,0.07,0.20,0.00,0.00,0.47,0.53,-0.05,0.36,0.04,0.79,1.19,0.40,,,,,,,,,
Andrei Kuzmenko,L.A,30,"LW,RW",78,15.4,0.26,0.37,0.63,1.51,0.07,0.18,0.00,0.00,0.34,0.42,0.03,0.21,0.04,0.01,0.00,0.71,,,,,,,,,
Morgan Rielly,TOR,32,D,79,22.2,0.08,0.54,0.63,1.83,0.02,0.23,0.00,0.00,1.61,0.64,0.05,0.32,0.01,0.00,0.00,0.00,,,,,,,,,
Elias Lindholm,BOS,31,C,81,19.5,0.22,0.41,0.63,2.14,0.05,0.17,0.01,0.03,0.92,1.35,-0.04,0.28,0.03,10.20,8.10,0.56,,,,,,,,,
Sam Bennett,FLA,29,C,77,17.3,0.29,0.34,0.62,2.85,0.07,0.14,0.00,0.00,0.58,1.92,0.07,0.89,0.05,5.99,6.96,0.46,,,,,,,,,
Moritz Seider,DET,24,D,82,25.5,0.11,0.51,0.62,2.01,0.04,0.28,0.00,0.01,2.29,2.32,-0.02,0.57,0.02,0.00,0.00,0.00,,,,,,,,,
Jimmy Snuggerud,STL,21,RW,72,15.8,0.25,0.37,0.62,1.79,0.08,0.15,0.00,0.00,0.51,0.87,0.00,0.35,0.04,0.00,0.00,0.00,,,,,,,,,
Mason Marchment,SEA,30,LW,77,15.5,0.27,0.35,0.62,2.07,0.06,0.12,0.00,0.00,0.40,1.24,-0.05,0.71,0.04,0.16,0.19,0.45,,,,,,,,,
Miro Heiskanen,DAL,26,D,77,23.9,0.12,0.50,0.62,2.10,0.01,0.16,0.00,0.00,1.58,0.62,0.09,0.36,0.02,0.00,0.00,0.00,,,,,,,,,
Mats Zuccarello,MIN,38,RW,78,17.2,0.19,0.43,0.62,1.99,0.04,0.18,0.00,0.00,0.63,0.49,0.02,0.34,0.03,0.22,0.33,0.39,,,,,,,,,
Chandler Stephenson,SEA,31,C,80,18.8,0.18,0.44,0.61,1.16,0.02,0.14,0.02,0.03,0.63,0.55,-0.09,0.28,0.02,9.12,7.93,0.53,,,,,,,,,
Connor McMichael,WSH,25,LW,81,16.8,0.29,0.32,0.61,2.07,0.05,0.12,0.00,0.01,0.47,0.58,0.03,0.47,0.05,1.32,1.61,0.45,,,,,,,,,
Casey Mittelstadt,BOS,27,C,82,16.7,0.20,0.40,0.60,1.46,0.05,0.16,0.00,0.00,0.39,0.44,-0.06,0.31,0.03,5.44,6.50,0.46,,,,,,,,,
Dmitri Voronkov,CBJ,25,LW,79,16.2,0.29,0.32,0.60,2.06,0.09,0.14,0.00,0.00,0.64,1.02,0.01,0.55,0.04,1.06,1.46,0.42,,,,,,,,,
William Karlsson,VGK,33,C,75,16.7,0.24,0.36,0.60,2.13,0.03,0.10,0.02,0.04,0.66,0.55,0.09,0.19,0.04,7.47,5.72,0.57,,,,,,,,,
Josh Norris,BUF,26,C,66,17.9,0.32,0.27,0.60,1.86,0.08,0.16,0.02,0.04,0.75,2.02,-0.02,0.52,0.05,6.99,6.13,0.53,,,,,,,,,
Chris Kreider,ANA,34,LW,79,18.3,0.35,0.25,0.59,2.51,0.09,0.15,0.04,0.05,0.40,1.29,-0.04,0.37,0.05,0.44,0.66,0.40,,,,,,,,,
Mackenzie Weegar,CGY,32,D,82,23.8,0.14,0.45,0.59,2.33,0.04,0.21,0.00,0.02,2.20,2.29,-0.02,0.54,0.02,0.00,0.01,0.00,,,,,,,,,
Jake Debrusk,VAN,29,"LW,RW",80,16.6,0.31,0.28,0.59,2.22,0.11,0.20,0.00,0.00,0.56,1.20,0.01,0.26,0.05,0.11,0.22,0.33,,,,,,,,,
Trevor Zegras,PHI,25,C,70,16.3,0.23,0.36,0.59,1.82,0.03,0.08,0.00,0.00,0.47,0.79,-0.06,0.49,0.03,1.51,2.39,0.39,,,,,,,,,
Jakob Chychrun,WSH,27,D,77,21.5,0.20,0.39,0.59,2.41,0.08,0.21,0.00,0.00,1.42,0.93,0.02,0.62,0.03,0.00,0.00,0.00,,,,,,,,,
Shayne Gostisbehere,CAR,32,D,79,18.3,0.11,0.48,0.58,1.68,0.05,0.31,0.00,0.00,1.00,0.66,0.08,0.38,0.02,0.00,0.00,0.00,,,,,,,,,
Connor Zary,CGY,24,"C,LW,RW",72,16.5,0.26,0.32,0.58,1.96,0.03,0.12,0.00,0.00,0.50,0.59,-0.04,0.35,0.04,1.67,2.41,0.41,,,,,,,,,
Devon Toews,COL,32,D,81,24.6,0.12,0.46,0.58,1.93,0.01,0.04,0.00,0.00,1.47,0.75,0.10,0.35,0.02,0.00,0.00,0.00,,,,,,,,,
Simon Holmstrom,NYI,24,RW,77,17.0,0.27,0.31,0.58,1.41,0.03,0.09,0.03,0.07,0.73,0.44,-0.02,0.21,0.04,0.02,0.08,0.21,,,,,,,,,
Gabriel Landeskog,COL,33,LW,62,17.0,0.26,0.32,0.58,2.22,0.08,0.17,0.01,0.01,0.57,1.35,0.08,0.89,0.04,0.00,0.00,0.00,,,,,,,,,
Noah Dobson,MTL,26,D,79,22.0,0.13,0.45,0.58,2.26,0.01,0.10,0.00,0.01,1.81,0.87,0.03,0.40,0.02,0.00,0.00,0.00,,,,,,,,,
Marco Kasper,DET,21,"C,LW",79,16.5,0.28,0.30,0.58,2.03,0.04,0.09,0.00,0.00,0.63,1.92,-0.01,0.38,0.04,3.88,4.81,0.45,,,,,,,,,
Filip Chytil,VAN,26,C,67,16.0,0.25,0.32,0.58,2.47,0.03,0.12,0.00,0.00,0.33,0.52,0.01,0.39,0.04,4.51,5.82,0.44,,,,,,,,,
Ivan Barbashev,VGK,30,LW,80,15.7,0.24,0.33,0.57,1.50,0.02,0.03,0.00,0.00,0.48,1.58,0.08,0.36,0.04,0.29,0.44,0.39,,,,,,,,,
Kaapo Kakko,SEA,25,RW,79,16.4,0.24,0.34,0.57,1.69,0.05,0.10,0.00,0.00,0.38,0.80,-0.06,0.34,0.03,0.47,0.58,0.45,,,,,,,,,
Brad Marchand,FLA,37,LW,79,16.2,0.25,0.33,0.57,2.17,0.05,0.15,0.00,0.01,0.41,1.09,0.05,0.71,0.04,0.12,0.18,0.40,,,,,,,,,
Will Cuylle,NYR,24,"LW,RW",82,16.3,0.27,0.29,0.57,2.02,0.05,0.10,0.02,0.03,0.58,3.38,0.03,0.62,0.05,0.11,0.30,0.26,,,,,,,,,
Ryan McLeod,BUF,26,C,79,16.6,0.23,0.34,0.57,1.38,0.00,0.01,0.02,0.06,0.47,0.51,0.01,0.26,0.03,7.21,6.91,0.51,,,,,,,,,
Jiri Kulich,BUF,21,C,73,17.1,0.30,0.27,0.56,2.48,0.03,0.07,0.00,0.00,0.61,0.77,0.01,0.38,0.04,4.67,5.73,0.45,,,,,,,,,
Filip Hronek,VAN,28,D,76,23.9,0.09,0.47,0.56,1.64,0.02,0.13,0.00,0.00,1.30,1.33,0.03,0.51,0.01,0.00,0.01,0.38,,,,,,,,,
Anders Lee,NYI,35,LW,82,16.5,0.29,0.27,0.56,2.70,0.06,0.10,0.00,0.00,0.55,1.55,0.01,0.53,0.05,0.18,0.21,0.46,,,,,,,,,
Jason Zucker,BUF,34,LW,78,15.1,0.23,0.33,0.56,2.01,0.09,0.20,0.00,0.00,0.32,1.14,0.02,0.52,0.03,0.39,0.69,0.36,,,,,,,,,
Zachary Bolduc,MTL,23,RW,72,14.4,0.30,0.26,0.56,1.88,0.08,0.14,0.00,0.00,0.53,1.33,0.04,0.39,0.05,0.05,0.12,0.29,,,,,,,,,
Jamie Benn,DAL,36,"C,LW",82,14.4,0.20,0.36,0.56,1.71,0.04,0.14,0.00,0.00,0.53,1.35,0.08,0.51,0.03,4.13,2.90,0.59,,,,,,,,,
Charlie McAvoy,BOS,28,D,74,23.1,0.13,0.43,0.56,1.74,0.02,0.14,0.01,0.01,1.77,1.71,-0.02,0.79,0.02,0.00,0.00,0.00,,,,,,,,,
Matias MacCelli,TOR,25,LW,75,15.5,0.20,0.36,0.56,1.63,0.02,0.09,0.00,0.00,0.27,0.36,0.05,0.22,0.03,0.07,0.14,0.32,,,,,,,,,
Tyler Bertuzzi,CHI,31,"LW,RW",79,16.1,0.25,0.30,0.56,1.79,0.10,0.20,0.00,0.00,0.41,0.88,-0.09,0.43,0.04,0.18,0.31,0.37,,,,,,,,,
Luke Hughes,N.J,22,D,79,21.2,0.11,0.45,0.56,1.66,0.02,0.18,0.00,0.00,0.98,0.43,0.03,0.34,0.02,0.00,0.01,0.00,,,,,,,,,
Kyle Palmieri,NYI,35,RW,79,17.4,0.28,0.28,0.56,2.19,0.06,0.12,0.00,0.01,0.58,0.81,-0.03,0.33,0.04,0.15,0.24,0.39,,,,,,,,,
Boone Jenner,CBJ,32,"C,LW",67,17.7,0.28,0.27,0.55,2.49,0.06,0.11,0.01,0.01,0.84,1.55,-0.01,0.42,0.04,6.92,5.95,0.54,,,,,,,,,
Logan Stankoven,CAR,23,"C,RW",74,15.3,0.22,0.33,0.55,2.40,0.03,0.10,0.00,0.00,0.45,0.72,0.07,0.21,0.04,1.18,1.23,0.49,,,,,,,,,
John Carlson,WSH,36,D,77,23.3,0.09,0.46,0.55,2.07,0.03,0.18,0.00,0.00,1.82,0.82,0.03,0.35,0.01,0.00,0.00,0.00,,,,,,,,,
Oliver Bjorkstrand,T.B,30,RW,75,14.0,0.22,0.32,0.55,1.97,0.05,0.14,0.00,0.00,0.35,0.89,0.08,0.21,0.04,0.07,0.16,0.31,,,,,,,,,
Jackson Lacombe,ANA,25,D,78,23.6,0.14,0.40,0.54,1.77,0.03,0.15,0.00,0.01,1.82,0.93,-0.05,0.45,0.02,0.00,0.01,0.00,,,,,,,,,
Shane Pinto,OTT,25,C,74,17.2,0.26,0.28,0.54,1.85,0.02,0.04,0.04,0.07,0.77,1.01,0.02,0.35,0.04,6.16,5.96,0.51,,,,,,,,,
Brandon Montour,SEA,31,D,79,22.8,0.17,0.37,0.54,2.65,0.03,0.14,0.00,0.00,1.23,1.11,-0.07,0.67,0.02,0.00,0.00,0.00,,,,,,,,,
Barrett Hayton,UTA,25,C,75,16.8,0.22,0.31,0.54,1.96,0.06,0.13,0.00,0.00,0.54,0.56,0.01,0.46,0.03,6.91,6.24,0.53,,,,,,,,,
Brayden Schenn,STL,34,C,82,16.0,0.20,0.33,0.53,1.57,0.03,0.10,0.00,0.01,0.53,1.92,0.00,0.56,0.03,6.01,6.05,0.50,,,,,,,,,
Anthony Mantha,PIT,31,RW,62,15.4,0.25,0.28,0.53,1.69,0.04,0.09,0.00,0.00,0.50,0.98,-0.04,0.45,0.03,0.14,0.24,0.37,,,,,,,,,
Jaden Schwartz,SEA,33,"C,LW",78,17.1,0.26,0.28,0.53,2.23,0.06,0.11,0.00,0.00,0.49,0.62,-0.08,0.34,0.03,0.61,0.58,0.51,,,,,,,,,
Michael Bunting,NSH,30,LW,81,15.8,0.22,0.31,0.53,2.03,0.08,0.15,0.00,0.00,0.29,0.88,-0.04,0.70,0.03,0.06,0.11,0.34,,,,,,,,,
Anton Lundell,FLA,24,C,80,16.4,0.21,0.32,0.53,2.00,0.02,0.06,0.01,0.02,0.63,1.16,0.08,0.44,0.04,6.25,5.74,0.52,,,,,,,,,
Viktor Arvidsson,BOS,32,"LW,RW",70,16.2,0.25,0.28,0.53,2.55,0.04,0.13,0.00,0.00,0.46,0.59,-0.04,0.40,0.04,0.29,0.53,0.35,,,,,,,,,
Jordan Eberle,SEA,35,RW,74,15.7,0.19,0.34,0.53,1.80,0.04,0.12,0.00,0.00,0.43,0.46,-0.04,0.32,0.03,0.26,0.36,0.42,,,,,,,,,
Bobby Brink,PHI,24,RW,76,15.3,0.19,0.34,0.53,1.46,0.04,0.09,0.00,0.00,0.42,1.15,-0.04,0.30,0.03,0.26,0.40,0.40,,,,,,,,,
Claude Giroux,OTT,38,"LW,RW",82,16.7,0.18,0.34,0.53,1.75,0.02,0.12,0.01,0.02,0.44,0.70,0.01,0.29,0.03,6.83,4.65,0.59,,,,,,,,,
Thomas Novak,PIT,28,C,72,14.3,0.24,0.29,0.53,1.69,0.04,0.10,0.00,0.00,0.50,0.34,-0.05,0.18,0.03,2.31,3.07,0.43,,,,,,,,,
Seth Jones,FLA,31,D,76,24.4,0.14,0.39,0.53,2.21,0.05,0.22,0.00,0.00,1.74,1.29,0.04,0.44,0.02,0.00,0.00,0.00,,,,,,,,,
Yegor Sharangovich,CGY,27,"C,LW,RW",80,16.2,0.26,0.26,0.52,1.82,0.06,0.14,0.02,0.04,0.47,0.34,-0.07,0.19,0.04,1.53,2.24,0.41,,,,,,,,,
Phillip Danault,L.A,33,C,81,17.0,0.14,0.38,0.52,1.64,0.02,0.07,0.00,0.01,0.82,1.00,0.05,0.37,0.02,7.63,6.88,0.53,,,,,,,,,
Trevor Moore,L.A,30,"LW,RW",78,16.2,0.25,0.27,0.52,2.20,0.01,0.03,0.01,0.02,0.50,1.02,0.04,0.29,0.04,0.06,0.22,0.22,,,,,,,,,
Warren Foegele,L.A,29,RW,81,15.5,0.25,0.27,0.52,2.31,0.01,0.01,0.01,0.01,0.47,1.02,0.06,0.38,0.04,0.25,0.32,0.44,,,,,,,,,
Patrik Laine,MTL,27,"LW,RW",65,14.0,0.26,0.27,0.52,1.87,0.10,0.15,0.00,0.00,0.56,0.68,0.00,0.28,0.04,0.32,0.48,0.40,,,,,,,,,
Tyson Foerster,PHI,24,"LW,RW",80,16.8,0.29,0.23,0.52,1.81,0.04,0.08,0.01,0.01,0.65,1.02,-0.03,0.46,0.04,0.00,0.02,0.14,,,,,,,,,
Aaron Ekblad,FLA,30,D,76,22.9,0.11,0.41,0.52,2.17,0.03,0.16,0.00,0.02,1.38,1.52,0.07,0.79,0.02,0.00,0.00,0.00,,,,,,,,,
Yegor Chinakhov,CBJ,25,"LW,RW",64,14.6,0.25,0.27,0.52,1.95,0.03,0.07,0.00,0.00,0.42,1.17,-0.02,0.24,0.03,0.01,0.06,0.09,,,,,,,,,
Zach Benson,BUF,20,LW,78,16.2,0.20,0.32,0.52,1.75,0.04,0.08,0.00,0.00,0.46,0.60,0.02,0.59,0.03,0.07,0.23,0.24,,,,,,,,,
Noah Hanifin,VGK,29,D,81,23.0,0.12,0.39,0.52,1.99,0.02,0.10,0.00,0.01,1.46,0.70,0.08,0.33,0.02,0.00,0.00,0.00,,,,,,,,,
Jake Neighbours,STL,23,"LW,RW",77,14.8,0.27,0.25,0.51,1.46,0.07,0.15,0.00,0.00,0.62,1.73,0.00,0.48,0.04,0.09,0.15,0.37,,,,,,,,,
Ryan Leonard,WSH,21,RW,75,15.1,0.24,0.28,0.51,2.02,0.04,0.10,0.00,0.00,0.49,1.35,0.02,0.52,0.04,0.12,0.00,1.00,,,,,,,,,
Sean Couturier,PHI,33,C,79,16.6,0.17,0.35,0.51,1.99,0.02,0.05,0.00,0.01,0.55,0.71,-0.03,0.44,0.02,8.12,6.68,0.55,,,,,,,,,
Cam Fowler,STL,34,D,79,22.4,0.10,0.42,0.51,1.43,0.04,0.18,0.00,0.00,1.36,0.48,0.00,0.28,0.02,0.00,0.00,0.00,,,,,,,,,
Luke Evangelista,NSH,24,RW,73,14.5,0.20,0.31,0.51,2.04,0.02,0.08,0.00,0.00,0.27,0.51,-0.03,0.30,0.03,0.00,0.04,0.11,,,,,,,,,
Stefan Noesen,N.J,33,LW,81,15.9,0.23,0.28,0.51,2.03,0.08,0.15,0.00,0.00,0.37,1.75,0.06,0.52,0.04,0.58,0.67,0.47,,,,,,,,,
Frank Vatrano,ANA,32,"C,LW",82,16.4,0.26,0.25,0.51,2.64,0.05,0.08,0.01,0.01,0.81,1.79,-0.07,0.70,0.04,0.14,0.21,0.41,,,,,,,,,
Thomas Chabot,OTT,29,D,76,22.9,0.12,0.39,0.51,2.14,0.02,0.11,0.00,0.00,1.78,0.82,0.03,0.47,0.02,0.00,0.00,0.00,,,,,,,,,
Tony Deangelo,NYI,30,D,65,20.3,0.12,0.39,0.51,1.94,0.04,0.20,0.00,0.00,1.16,0.71,-0.04,0.41,0.02,0.00,0.00,0.00,,,,,,,,,
Jack Quinn,BUF,24,RW,72,13.9,0.21,0.29,0.51,1.56,0.03,0.10,0.00,0.00,0.35,0.70,0.00,0.26,0.03,0.04,0.12,0.23,,,,,,,,,
Morgan Frost,CGY,26,C,80,15.1,0.19,0.32,0.50,1.74,0.03,0.15,0.00,0.00,0.68,0.88,-0.05,0.30,0.03,5.85,6.02,0.49,,,,,,,,,
Blake Coleman,CGY,34,"C,LW,RW",81,17.2,0.23,0.27,0.50,2.33,0.04,0.06,0.02,0.04,0.73,1.79,-0.04,0.59,0.03,0.41,0.47,0.47,,,,,,,,,
Dmitry Orlov,S.J,34,D,79,23.6,0.10,0.40,0.50,1.98,0.01,0.11,0.00,0.00,1.11,1.48,-0.08,0.42,0.01,0.00,0.00,0.00,,,,,,,,,
Jeff Skinner,S.J,33,LW,79,14.3,0.24,0.25,0.50,2.24,0.04,0.08,0.00,0.00,0.31,0.65,-0.07,0.30,0.03,0.60,0.68,0.47,,,,,,,,,
Nicolas Roy,TOR,29,"C,RW",77,16.0,0.21,0.29,0.50,1.61,0.03,0.07,0.01,0.01,0.64,1.07,0.05,0.43,0.03,5.48,6.06,0.48,,,,,,,,,
Dawson Mercer,N.J,24,"C,RW",82,17.3,0.25,0.24,0.50,1.75,0.05,0.09,0.01,0.01,0.66,0.51,0.04,0.24,0.04,1.17,1.59,0.42,,,,,,,,,
Brandt Clarke,L.A,23,D,79,19.3,0.09,0.41,0.50,2.01,0.01,0.13,0.00,0.00,1.83,0.63,0.03,0.64,0.01,0.00,0.00,0.00,,,,,,,,,
Evander Kane,VAN,34,LW,66,15.3,0.26,0.24,0.49,2.52,0.02,0.07,0.00,0.00,0.39,2.32,-0.01,0.70,0.04,0.35,0.45,0.44,,,,,,,,,
Brady Skjei,NSH,32,D,82,22.8,0.15,0.34,0.49,2.13,0.03,0.13,0.01,0.02,1.28,0.79,-0.08,0.53,0.02,0.00,0.00,0.00,,,,,,,,,
John Klingberg,S.J,33,D,59,21.2,0.11,0.38,0.49,1.77,0.03,0.19,0.00,0.00,1.38,1.03,-0.11,0.55,0.01,0.00,0.00,0.00,,,,,,,,,
Kris Letang,PIT,38,D,79,23.7,0.12,0.37,0.49,2.13,0.03,0.13,0.00,0.00,1.51,1.51,-0.08,0.61,0.01,0.00,0.00,0.00,,,,,,,,,
Brock Faber,MIN,23,D,81,25.3,0.12,0.37,0.49,1.67,0.02,0.13,0.00,0.01,1.63,0.63,0.00,0.38,0.02,0.00,0.00,0.00,,,,,,,,,
Ridly Greig,OTT,23,"C,RW",79,16.8,0.20,0.28,0.49,1.57,0.04,0.10,0.02,0.04,0.60,1.69,0.01,0.76,0.03,2.58,2.61,0.50,,,,,,,,,
Alex Laferriere,L.A,24,RW,81,15.1,0.23,0.26,0.49,2.26,0.02,0.06,0.00,0.00,0.50,1.43,0.04,0.39,0.04,0.44,0.57,0.44,,,,,,,,,
Owen Power,BUF,23,D,80,22.9,0.08,0.40,0.48,1.70,0.01,0.08,0.00,0.01,1.54,0.55,0.00,0.30,0.01,0.00,0.00,0.00,,,,,,,,,
Vladimir Tarasenko,MIN,34,"LW,RW",80,14.6,0.18,0.30,0.48,1.72,0.02,0.08,0.00,0.00,0.46,0.90,0.02,0.17,0.03,0.01,0.03,0.20,,,,,,,,,
Rasmus Andersson,CGY,29,D,81,24.0,0.12,0.35,0.48,2.00,0.02,0.13,0.01,0.01,2.27,0.59,-0.07,0.51,0.02,0.00,0.00,0.00,,,,,,,,,
Andre Burakovsky,CHI,31,LW,74,15.7,0.16,0.32,0.47,1.72,0.03,0.10,0.00,0.00,0.39,0.53,-0.09,0.27,0.02,0.04,0.06,0.39,,,,,,,,,
Mavrik Bourque,DAL,24,"C,RW",78,14.5,0.20,0.27,0.47,1.42,0.05,0.13,0.00,0.00,0.53,0.82,0.06,0.23,0.03,2.52,2.94,0.46,,,,,,,,,
Drew Doughty,L.A,36,D,78,23.1,0.12,0.36,0.47,1.50,0.02,0.11,0.00,0.00,1.53,1.04,0.03,0.49,0.02,0.00,0.00,0.00,,,,,,,,,
Philip Tomasino,PIT,24,"C,RW",68,13.8,0.19,0.28,0.47,1.71,0.05,0.13,0.00,0.00,0.43,0.99,-0.08,0.26,0.02,0.10,0.23,0.31,,,,,,,,,
Max Domi,TOR,31,"C,LW",80,14.1,0.12,0.34,0.47,1.42,0.01,0.06,0.00,0.00,0.38,0.61,0.06,0.71,0.02,3.81,3.65,0.51,,,,,,,,,
Kiefer Sherwood,VAN,30,"C,LW",74,15.4,0.21,0.26,0.47,1.85,0.01,0.03,0.01,0.03,0.43,4.75,0.01,0.57,0.03,0.33,0.37,0.47,,,,,,,,,
Jean-Gabriel Pageau,NYI,33,"C,RW",80,16.2,0.16,0.31,0.47,1.51,0.02,0.06,0.02,0.05,0.78,1.81,-0.02,0.21,0.02,7.49,5.51,0.58,,,,,,,,,
Gustav Nyquist,WPG,36,"LW,RW",78,15.8,0.16,0.30,0.46,1.43,0.02,0.08,0.01,0.02,0.41,0.57,0.03,0.22,0.03,0.15,0.24,0.39,,,,,,,,,
Taylor Hall,CAR,34,LW,69,14.5,0.19,0.27,0.46,1.85,0.04,0.08,0.00,0.00,0.51,0.61,0.06,0.40,0.03,0.47,0.53,0.47,,,,,,,,,
Ross Colton,COL,29,"C,LW",78,14.2,0.22,0.24,0.46,1.94,0.04,0.09,0.00,0.00,0.62,2.07,0.07,0.46,0.04,1.60,1.69,0.49,,,,,,,,,
Pius Suter,STL,29,"C,LW",79,16.1,0.24,0.22,0.46,1.59,0.01,0.02,0.01,0.02,0.50,0.78,0.01,0.24,0.04,4.16,4.97,0.46,,,,,,,,,
Jackson Blake,CAR,22,RW,81,14.0,0.21,0.25,0.46,1.70,0.05,0.09,0.00,0.00,0.41,0.45,0.09,0.37,0.04,0.19,0.19,0.49,,,,,,,,,
Vladislav Namestnikov,WPG,33,"C,LW",80,15.1,0.14,0.32,0.45,1.36,0.02,0.09,0.00,0.00,0.60,1.14,0.06,0.40,0.02,3.58,5.18,0.41,,,,,,,,,
Gustav Forsling,FLA,29,D,81,23.0,0.13,0.32,0.45,2.32,0.00,0.02,0.00,0.01,1.27,1.09,0.10,0.39,0.02,0.00,0.00,0.00,,,,,,,,,
Kirby Dach,MTL,25,"C,RW",64,15.6,0.20,0.26,0.45,1.56,0.02,0.09,0.00,0.02,0.63,1.54,-0.02,0.59,0.03,1.58,2.42,0.39,,,,,,,,,
Josh Doan,BUF,24,RW,62,13.5,0.19,0.27,0.45,1.69,0.05,0.09,0.00,0.00,0.35,0.96,0.03,0.24,0.03,0.68,0.96,0.41,,,,,,,,,
Mattias Ekholm,EDM,35,D,72,21.8,0.11,0.34,0.45,2.07,0.01,0.03,0.00,0.01,1.48,1.02,0.14,0.49,0.02,0.00,0.00,0.00,,,,,,,,,
Neal Pionk,WPG,30,D,80,22.0,0.10,0.35,0.45,1.76,0.02,0.09,0.00,0.01,1.54,1.88,0.05,0.59,0.02,0.00,0.00,0.00,,,,,,,,,
Bobby McMann,TOR,29,LW,74,14.2,0.25,0.20,0.45,2.20,0.02,0.05,0.00,0.00,0.35,1.82,0.06,0.43,0.04,0.09,0.18,0.33,,,,,,,,,
Mason Lohrei,BOS,25,D,71,19.6,0.08,0.37,0.45,1.26,0.02,0.20,0.00,0.00,1.41,0.65,-0.07,0.35,0.01,0.00,0.00,0.00,,,,,,,,,
Fabian Zetterlund,OTT,26,RW,81,14.7,0.20,0.24,0.45,1.94,0.04,0.09,0.00,0.00,0.76,1.41,0.02,0.26,0.03,0.26,0.31,0.46,,,,,,,,,
Travis Sanheim,PHI,29,D,82,24.8,0.11,0.33,0.44,1.77,0.00,0.03,0.01,0.03,2.01,1.05,-0.06,0.56,0.02,0.00,0.00,0.00,,,,,,,,,
Nils Hoglander,VAN,25,LW,74,13.6,0.21,0.23,0.44,1.41,0.01,0.03,0.00,0.00,0.35,1.19,0.04,0.45,0.04,0.00,0.02,0.05,,,,,,,,,
Eeli Tolvanen,SEA,26,"LW,RW",80,14.1,0.24,0.20,0.44,1.65,0.01,0.03,0.00,0.00,0.79,2.49,-0.06,0.29,0.03,0.07,0.11,0.37,,,,,,,,,
Cole Sillinger,CBJ,22,"C,RW",77,15.1,0.16,0.28,0.44,1.73,0.02,0.04,0.01,0.02,0.61,1.18,-0.05,0.42,0.02,4.46,5.25,0.46,,,,,,,,,
Nick Paul,T.B,31,"C,LW",81,15.3,0.22,0.22,0.44,1.67,0.03,0.05,0.00,0.01,0.44,0.97,0.07,0.27,0.04,5.21,4.72,0.52,,,,,,,,,
Bowen Byram,BUF,24,D,77,21.1,0.12,0.32,0.44,1.17,0.01,0.04,0.00,0.01,1.40,1.06,0.00,0.57,0.02,0.00,0.00,0.00,,,,,,,,,
Ryan Hartman,MIN,31,"C,RW",76,14.6,0.19,0.25,0.44,2.12,0.03,0.07,0.00,0.00,0.63,0.99,0.02,0.69,0.03,3.98,4.60,0.46,,,,,,,,,
Mikael Backlund,CGY,37,C,81,18.4,0.17,0.26,0.43,2.43,0.02,0.06,0.01,0.02,0.58,0.69,-0.04,0.39,0.03,9.17,9.28,0.50,,,,,,,,,
Isaac Howard,EDM,21,LW,72,14.5,0.19,0.25,0.43,1.65,0.04,0.09,0.00,0.00,0.42,0.98,0.10,0.28,0.03,0.00,0.00,0.00,,,,,,,,,
Ryan Strome,ANA,32,C,82,15.0,0.12,0.31,0.43,1.53,0.01,0.06,0.00,0.00,0.38,0.67,-0.06,0.68,0.02,5.19,6.70,0.44,,,,,,,,,
Noah Cates,PHI,27,C,78,15.5,0.17,0.26,0.43,1.35,0.01,0.02,0.00,0.02,0.68,1.06,-0.04,0.18,0.03,5.43,7.23,0.43,,,,,,,,,
Andrew Mangiapane,EDM,29,"LW,RW",81,13.9,0.18,0.25,0.43,1.49,0.01,0.04,0.00,0.00,0.41,1.04,0.10,0.37,0.03,0.06,0.09,0.43,,,,,,,,,
Justin Faulk,STL,34,D,78,20.3,0.06,0.37,0.43,1.61,0.01,0.09,0.00,0.00,1.40,1.07,-0.01,0.39,0.01,0.00,0.00,0.00,,,,,,,,,
Nino Niederreiter,WPG,33,LW,81,14.9,0.21,0.22,0.43,1.93,0.03,0.08,0.00,0.00,0.49,1.66,0.06,0.34,0.04,0.26,0.27,0.49,,,,,,,,,
J.T. Compher,DET,30,C,80,15.9,0.15,0.28,0.42,1.27,0.04,0.08,0.01,0.01,0.75,0.54,-0.03,0.27,0.02,5.99,7.03,0.46,,,,,,,,,
Adam Lowry,WPG,33,C,80,15.4,0.18,0.25,0.42,1.42,0.00,0.00,0.01,0.02,0.77,1.85,0.06,0.50,0.03,8.04,7.90,0.50,,,,,,,,,
Maxim Tsyplakov,NYI,27,"LW,RW",79,12.6,0.14,0.29,0.42,1.41,0.01,0.02,0.00,0.00,0.50,1.53,-0.01,0.39,0.02,0.11,0.14,0.43,,,,,,,,,
Artyom Levshunov,CHI,20,D,78,20.7,0.06,0.36,0.42,1.38,0.01,0.14,0.00,0.00,1.36,1.21,-0.10,0.47,0.01,0.00,0.00,0.00,,,,,,,,,
Adam Gaudette,S.J,29,"C,RW",67,13.8,0.26,0.16,0.42,1.49,0.04,0.06,0.00,0.00,0.47,1.17,-0.06,0.29,0.03,2.81,2.88,0.49,,,,,,,,,
Alex Newhook,MTL,25,C,78,14.9,0.21,0.21,0.42,1.43,0.02,0.06,0.00,0.01,0.44,0.96,-0.01,0.31,0.03,2.96,3.85,0.44,,,,,,,,,
Sean Durzi,UTA,27,D,71,19.8,0.10,0.31,0.42,1.45,0.02,0.09,0.00,0.00,1.67,0.79,0.00,0.59,0.02,0.00,0.00,0.00,,,,,,,,,
Christian Dvorak,PHI,30,C,73,15.8,0.16,0.25,0.41,1.40,0.03,0.07,0.00,0.00,0.82,0.64,-0.05,0.22,0.02,7.30,5.96,0.55,,,,,,,,,
Hampus Lindholm,BOS,32,D,72,22.1,0.08,0.34,0.41,1.63,0.01,0.09,0.00,0.00,1.42,0.88,-0.01,0.60,0.01,0.00,0.00,0.00,,,,,,,,,
James Van Riemsdyk,DET,36,LW,76,12.5,0.15,0.26,0.41,1.37,0.02,0.04,0.00,0.00,0.29,0.57,-0.01,0.32,0.02,0.11,0.16,0.41,,,,,,,,,
Jesperi Kotkaniemi,CAR,25,C,81,13.4,0.17,0.25,0.41,1.45,0.01,0.04,0.00,0.00,0.38,0.88,0.08,0.51,0.03,4.38,4.11,0.52,,,,,,,,,
Simon Edvinsson,DET,23,D,77,21.9,0.10,0.31,0.41,1.26,0.00,0.03,0.00,0.01,1.80,1.11,-0.02,0.60,0.01,0.00,0.00,0.00,,,,,,,,,
K'andre Miller,CAR,26,D,80,22.2,0.10,0.31,0.41,1.42,0.00,0.03,0.00,0.01,1.57,1.55,0.04,0.43,0.02,0.00,0.00,0.00,,,,,,,,,
Gabriel Perreault,NYR,19,RW,68,14.0,0.16,0.25,0.41,1.50,0.03,0.08,0.00,0.00,0.42,1.62,0.02,0.68,0.03,0.00,0.00,0.00,,,,,,,,,
Alex Killorn,ANA,36,"C,LW,RW",79,15.6,0.20,0.21,0.41,1.55,0.01,0.02,0.01,0.02,0.33,0.91,-0.04,0.44,0.03,0.10,0.14,0.41,,,,,,,,,
Ilya Mikheyev,CHI,31,RW,78,15.0,0.20,0.21,0.41,1.72,0.00,0.00,0.02,0.02,0.26,0.53,-0.07,0.18,0.03,0.03,0.15,0.17,,,,,,,,,
Zeev Buium,MIN,20,D,70,18.0,0.10,0.31,0.41,1.74,0.02,0.08,0.00,0.00,1.20,1.77,0.03,0.80,0.02,0.00,0.00,0.00,,,,,,,,,
Reilly Smith,VGK,35,RW,80,14.0,0.14,0.27,0.41,1.56,0.02,0.05,0.01,0.01,0.44,0.68,0.07,0.25,0.02,0.05,0.08,0.38,,,,,,,,,
Alex Wennberg,S.J,31,C,81,17.9,0.12,0.28,0.41,1.13,0.02,0.06,0.00,0.00,0.96,0.51,-0.10,0.24,0.02,6.46,7.38,0.47,,,,,,,,,
Evgeny Dadonov,N.J,37,RW,77,13.1,0.18,0.22,0.41,1.44,0.03,0.06,0.00,0.00,0.45,0.65,0.03,0.20,0.03,0.00,0.02,0.07,,,,,,,,,
Matthew Poitras,BOS,22,C,62,12.8,0.12,0.28,0.40,1.04,0.01,0.02,0.00,0.00,0.38,0.65,-0.03,0.27,0.02,1.99,2.45,0.45,,,,,,,,,
Jaccob Slavin,CAR,31,D,81,22.5,0.08,0.32,0.40,1.64,0.00,0.00,0.01,0.03,1.73,0.52,0.09,0.18,0.01,0.00,0.00,0.00,,,,,,,,,
Jake Walman,EDM,30,D,75,20.7,0.13,0.27,0.40,2.07,0.00,0.04,0.00,0.00,2.05,0.92,0.09,0.60,0.02,0.00,0.00,0.00,,,,,,,,,
Ivan Provorov,CBJ,29,D,82,23.2,0.08,0.32,0.40,1.35,0.01,0.04,0.01,0.02,1.68,0.61,-0.03,0.36,0.01,0.00,0.00,0.00,,,,,,,,,
Rutger McGroarty,PIT,21,RW,72,13.0,0.16,0.24,0.40,1.50,0.03,0.07,0.00,0.00,0.41,1.52,-0.07,0.62,0.02,0.00,0.00,0.00,,,,,,,,,
Victor Olofsson,COL,30,"LW,RW",72,13.2,0.21,0.19,0.40,1.67,0.04,0.07,0.00,0.00,0.32,0.58,0.01,0.20,0.03,0.01,0.09,0.11,,,,,,,,,
Fedor Svechkov,NSH,22,C,70,14.2,0.18,0.22,0.40,1.37,0.03,0.08,0.00,0.01,0.52,0.85,-0.07,0.33,0.03,2.61,4.49,0.37,,,,,,,,,
Darren Raddysh,T.B,30,D,74,16.9,0.07,0.32,0.39,1.32,0.02,0.10,0.00,0.00,1.04,0.76,0.09,0.26,0.01,0.00,0.00,0.00,,,,,,,,,
Joel Farabee,CGY,26,"LW,RW",82,14.1,0.17,0.22,0.39,1.71,0.01,0.03,0.00,0.00,0.59,1.02,-0.05,0.37,0.03,0.22,0.38,0.37,,,,,,,,,
Danton Heinen,PIT,30,LW,79,13.8,0.15,0.24,0.39,1.26,0.02,0.03,0.01,0.02,0.52,1.09,-0.07,0.31,0.02,0.20,0.32,0.39,,,,,,,,,
Anthony Duclair,NYI,30,LW,68,13.9,0.20,0.19,0.39,1.50,0.05,0.09,0.00,0.00,0.47,0.71,-0.03,0.27,0.03,0.03,0.12,0.20,,,,,,,,,
Pavel Mintyukov,ANA,22,D,75,19.4,0.08,0.31,0.39,1.26,0.00,0.09,0.00,0.00,1.39,1.29,-0.07,0.38,0.01,0.00,0.00,0.00,,,,,,,,,
Brendan Gallagher,MTL,33,RW,77,13.5,0.20,0.19,0.39,1.81,0.03,0.05,0.00,0.00,0.46,1.04,0.02,0.54,0.03,0.03,0.12,0.20,,,,,,,,,
Elmer Soderblom,DET,24,LW,58,12.2,0.16,0.23,0.39,1.33,0.00,0.01,0.00,0.00,0.45,1.37,-0.02,0.29,0.02,0.13,0.36,0.26,,,,,,,,,
Casey Cizikas,NYI,35,"C,LW",80,11.9,0.14,0.25,0.38,1.58,0.00,0.00,0.01,0.02,0.76,2.02,-0.05,0.38,0.02,4.00,3.39,0.54,,,,,,,,,
Jonas Brodin,MIN,32,D,71,23.0,0.09,0.29,0.38,1.61,0.00,0.00,0.00,0.01,2.03,0.62,0.03,0.40,0.01,0.00,0.00,0.00,,,,,,,,,
Charlie Coyle,CBJ,34,"C,RW",82,14.7,0.16,0.23,0.38,1.24,0.00,0.01,0.00,0.02,0.67,1.24,-0.02,0.32,0.02,4.75,4.65,0.51,,,,,,,,,
Trent Frederic,EDM,28,C,77,13.6,0.18,0.20,0.38,1.43,0.02,0.04,0.00,0.00,0.52,2.26,0.08,0.69,0.03,1.34,1.86,0.42,,,,,,,,,
Oliver Ekman-Larsson,TOR,34,D,78,20.5,0.07,0.31,0.38,1.58,0.02,0.09,0.00,0.00,1.11,1.35,0.05,0.62,0.01,0.00,0.00,0.00,,,,,,,,,
Arseny Gritsyuk,N.J,23,RW,62,13.0,0.15,0.23,0.38,1.48,0.03,0.07,0.00,0.00,0.41,0.99,0.04,0.29,0.02,0.00,0.00,0.00,,,,,,,,,
Jordan Martinook,CAR,33,LW,81,14.7,0.15,0.22,0.38,1.52,0.00,0.00,0.00,0.01,0.56,0.97,0.08,0.41,0.03,0.43,0.47,0.48,,,,,,,,,
Darnell Nurse,EDM,31,D,81,20.6,0.09,0.29,0.38,2.10,0.00,0.02,0.01,0.01,1.74,1.84,0.10,0.67,0.02,0.00,0.00,0.00,,,,,,,,,
Nicholas Robertson,TOR,24,RW,69,11.8,0.21,0.17,0.38,1.58,0.02,0.04,0.00,0.00,0.47,1.14,0.05,0.21,0.03,0.05,0.07,0.39,,,,,,,,,
Jake Evans,MTL,29,C,79,14.9,0.11,0.26,0.37,0.99,0.00,0.00,0.02,0.04,0.70,1.29,-0.01,0.27,0.02,6.82,6.18,0.52,,,,,,,,,
Ryan Poehling,ANA,27,C,76,13.5,0.14,0.23,0.37,1.15,0.00,0.00,0.02,0.03,1.07,0.62,-0.05,0.21,0.02,5.15,5.31,0.49,,,,,,,,,
Jamie Drysdale,PHI,23,D,69,21.3,0.11,0.26,0.37,1.21,0.04,0.14,0.00,0.00,1.48,0.62,-0.07,0.37,0.02,0.00,0.00,0.00,,,,,,,,,
Aatu Raty,VAN,23,C,59,12.3,0.20,0.17,0.37,1.21,0.00,0.01,0.00,0.00,0.33,2.14,0.00,0.37,0.03,6.53,4.91,0.57,,,,,,,,,
Jonatan Berggren,DET,25,RW,70,13.1,0.17,0.20,0.37,1.26,0.03,0.06,0.00,0.00,0.29,0.65,-0.04,0.24,0.02,0.07,0.13,0.34,,,,,,,,,
Jack McBain,UTA,26,"C,LW",80,14.0,0.16,0.21,0.37,1.11,0.01,0.01,0.00,0.00,0.63,3.28,0.00,0.72,0.02,3.29,3.73,0.47,,,,,,,,,
Mackie Samoskevich,FLA,23,RW,76,11.8,0.17,0.20,0.37,1.51,0.04,0.12,0.00,0.00,0.41,1.61,0.05,0.21,0.03,0.00,0.01,0.00,,,,,,,,,
Alex Turcotte,L.A,25,"C,LW",67,11.3,0.13,0.23,0.37,1.16,0.01,0.02,0.00,0.00,0.47,0.86,0.03,0.31,0.02,0.81,0.97,0.45,,,,,,,,,
Brett Howden,VGK,27,"C,LW",78,12.4,0.18,0.18,0.37,1.28,0.00,0.00,0.01,0.01,0.60,1.26,0.05,0.46,0.03,2.58,2.58,0.50,,,,,,,,,
Michael Rasmussen,DET,26,"C,LW",78,14.0,0.16,0.21,0.37,1.37,0.02,0.04,0.00,0.01,0.78,1.71,-0.03,0.46,0.02,1.42,1.53,0.48,,,,,,,,,
Yanni Gourde,T.B,34,C,77,13.5,0.10,0.26,0.37,1.31,0.00,0.01,0.01,0.01,0.55,1.48,0.08,0.53,0.02,4.27,4.46,0.49,,,,,,,,,
Michael Kesselring,BUF,26,D,79,18.5,0.08,0.28,0.36,1.68,0.01,0.02,0.00,0.00,1.05,1.27,0.03,0.79,0.01,0.00,0.00,0.00,,,,,,,,,
Scott Laughton,TOR,31,"C,LW",81,13.7,0.14,0.23,0.36,1.54,0.00,0.00,0.02,0.05,0.64,1.90,0.03,0.44,0.02,3.61,3.73,0.49,,,,,,,,,
Hendrix Lapierre,WSH,24,C,64,11.2,0.11,0.25,0.36,0.93,0.00,0.00,0.00,0.00,0.58,0.92,0.00,0.20,0.02,1.77,2.86,0.38,,,,,,,,,
Rasmus Sandin,WSH,26,D,79,19.2,0.06,0.30,0.36,1.05,0.00,0.06,0.00,0.00,1.47,1.17,0.03,0.37,0.01,0.00,0.00,0.00,,,,,,,,,
Brandon Saad,VGK,33,LW,79,12.5,0.18,0.18,0.36,1.49,0.01,0.02,0.00,0.00,0.27,0.30,0.06,0.17,0.03,0.10,0.16,0.39,,,,,,,,,
Lawson Crouse,UTA,28,"LW,RW",81,13.8,0.19,0.16,0.35,1.61,0.03,0.05,0.00,0.00,0.54,2.09,0.00,0.40,0.03,0.25,0.38,0.39,,,,,,,,,
Samuel Girard,COL,27,D,77,20.7,0.06,0.30,0.35,1.34,0.00,0.02,0.00,0.00,1.60,1.04,0.06,0.25,0.01,0.00,0.00,0.00,,,,,,,,,
Jordan Staal,CAR,37,C,80,14.8,0.13,0.23,0.35,1.40,0.00,0.00,0.01,0.02,0.54,1.67,0.07,0.35,0.02,9.43,7.39,0.56,,,,,,,,,
Marcus Pettersson,VAN,29,D,80,21.5,0.04,0.31,0.35,1.09,0.00,0.00,0.00,0.00,1.84,1.21,0.03,0.57,0.01,0.00,0.00,0.00,,,,,,,,,
Eetu Luostarinen,FLA,27,LW,82,14.9,0.14,0.21,0.35,1.21,0.00,0.01,0.01,0.01,0.69,1.88,0.06,0.33,0.02,0.78,0.87,0.47,,,,,,,,,
Collin Graf,S.J,23,RW,56,15.5,0.16,0.19,0.35,1.24,0.01,0.05,0.03,0.03,0.54,0.86,-0.10,0.31,0.02,0.10,0.24,0.28,,,,,,,,,
Jonny Brodzinski,NYR,32,C,67,12.5,0.17,0.18,0.35,1.56,0.02,0.05,0.00,0.00,0.43,0.81,0.01,0.22,0.03,2.07,2.14,0.49,,,,,,,,,
Kaiden Guhle,MTL,24,D,72,20.9,0.10,0.25,0.35,1.30,0.00,0.00,0.00,0.01,2.14,1.69,-0.02,0.71,0.01,0.00,0.00,0.00,,,,,,,,,
Adam Henrique,EDM,36,"C,LW",80,14.2,0.16,0.19,0.35,1.33,0.02,0.05,0.01,0.02,0.89,0.84,0.08,0.26,0.03,6.13,5.28,0.54,,,,,,,,,
David Perron,OTT,37,"LW,RW",74,12.3,0.14,0.21,0.35,1.45,0.04,0.09,0.00,0.00,0.28,1.38,0.01,0.38,0.02,0.10,0.20,0.33,,,,,,,,,
Jared Spurgeon,MIN,36,D,70,19.6,0.08,0.26,0.35,1.50,0.00,0.04,0.00,0.00,1.71,0.94,0.04,0.25,0.01,0.00,0.00,0.00,,,,,,,,,
Alex Romanov,NYI,26,D,78,22.6,0.08,0.27,0.35,1.58,0.00,0.00,0.00,0.01,2.30,1.99,-0.03,0.42,0.01,0.00,0.00,0.00,,,,,,,,,
Esa Lindell,DAL,31,D,82,23.0,0.08,0.27,0.35,1.44,0.00,0.00,0.00,0.01,2.13,0.83,0.09,0.23,0.01,0.00,0.00,0.00,,,,,,,,,
Colton Parayko,STL,32,D,79,21.7,0.12,0.23,0.35,1.72,0.00,0.01,0.00,0.02,2.08,1.20,0.01,0.28,0.02,0.00,0.00,0.00,,,,,,,,,
Philipp Kurashev,S.J,26,"C,RW",74,13.6,0.14,0.21,0.35,1.13,0.01,0.03,0.00,0.00,0.42,0.57,-0.12,0.25,0.02,1.51,1.77,0.46,,,,,,,,,
Gage Goncalves,T.B,25,C,62,12.2,0.14,0.21,0.35,1.05,0.01,0.03,0.00,0.00,0.37,1.14,0.08,0.30,0.02,0.05,0.05,0.49,,,,,,,,,
Jordan Spence,OTT,25,D,79,17.7,0.05,0.29,0.34,1.17,0.00,0.03,0.00,0.00,1.14,1.13,0.05,0.27,0.01,0.00,0.00,0.00,,,,,,,,,
Marcus Foligno,MIN,34,LW,76,14.6,0.15,0.19,0.34,1.18,0.00,0.01,0.00,0.01,0.67,3.01,0.03,0.86,0.02,0.10,0.15,0.41,,,,,,,,,
Cody Glass,N.J,26,"C,RW",72,13.3,0.12,0.22,0.34,1.36,0.00,0.01,0.00,0.00,0.58,0.89,0.04,0.31,0.02,3.61,3.68,0.50,,,,,,,,,
Michael Amadio,OTT,29,RW,78,12.9,0.15,0.19,0.34,1.23,0.01,0.01,0.00,0.00,0.53,1.17,0.02,0.24,0.03,0.65,0.63,0.51,,,,,,,,,
Vladislav Gavrikov,NYR,30,D,80,23.0,0.08,0.26,0.34,1.46,0.00,0.00,0.00,0.01,1.71,0.73,0.04,0.41,0.01,0.00,0.00,0.00,,,,,,,,,
Braden Schneider,NYR,24,D,82,19.1,0.08,0.26,0.34,1.35,0.01,0.08,0.01,0.02,1.75,1.79,0.01,0.29,0.01,0.00,0.00,0.00,,,,,,,,,
Denton Mateychuk,CBJ,21,D,67,19.3,0.09,0.25,0.34,1.13,0.00,0.02,0.00,0.00,1.49,0.90,-0.03,0.46,0.01,0.00,0.00,0.00,,,,,,,,,
Mike Matheson,MTL,32,D,78,20.5,0.07,0.27,0.34,1.52,0.00,0.03,0.01,0.02,1.86,0.77,-0.02,0.49,0.01,0.00,0.00,0.00,,,,,,,,,
Jake McCabe,TOR,32,D,77,21.3,0.06,0.28,0.34,1.15,0.00,0.00,0.00,0.01,1.94,2.02,0.08,0.64,0.01,0.00,0.00,0.00,,,,,,,,,
Andrew Copp,DET,31,"C,LW",77,13.3,0.12,0.21,0.34,1.10,0.00,0.01,0.01,0.02,0.55,0.39,-0.03,0.24,0.02,5.39,5.08,0.51,,,,,,,,,
Ryan McDonagh,T.B,36,D,80,21.1,0.04,0.30,0.34,1.08,0.00,0.00,0.00,0.02,1.90,0.59,0.11,0.32,0.01,0.00,0.00,0.00,,,,,,,,,
Ville Koivunen,PIT,22,RW,65,14.0,0.13,0.20,0.34,1.39,0.02,0.05,0.00,0.00,0.42,1.59,-0.07,0.66,0.02,0.00,0.00,0.00,,,,,,,,,
Dakota Joshua,TOR,29,"C,LW",75,13.0,0.16,0.17,0.34,1.05,0.01,0.01,0.00,0.01,0.51,3.13,0.04,0.55,0.02,0.40,0.37,0.52,,,,,,,,,
John Marino,UTA,28,D,71,20.8,0.06,0.28,0.34,0.94,0.00,0.00,0.00,0.00,1.38,0.70,-0.01,0.33,0.01,0.00,0.00,0.00,,,,,,,,,
Philip Broberg,STL,24,D,73,20.2,0.08,0.25,0.33,1.41,0.00,0.01,0.00,0.00,1.60,0.85,0.04,0.28,0.01,0.00,0.00,0.00,,,,,,,,,
Alex Iafallo,WPG,32,"C,LW,RW",80,14.5,0.14,0.19,0.33,1.43,0.03,0.05,0.00,0.01,0.78,0.74,0.06,0.22,0.02,0.13,0.18,0.43,,,,,,,,,
Alex Kerfoot,UTA,31,"C,LW,RW",82,14.4,0.12,0.22,0.33,1.21,0.00,0.01,0.01,0.02,0.76,0.79,-0.01,0.27,0.02,2.79,2.90,0.49,,,,,,,,,
Vasily Podkolzin,EDM,24,"LW,RW",69,13.7,0.12,0.21,0.33,1.44,0.00,0.00,0.00,0.00,0.60,2.41,0.09,0.41,0.02,0.20,0.49,0.29,,,,,,,,,
Matthew Savoie,EDM,21,"C,RW",68,13.5,0.13,0.20,0.33,1.37,0.02,0.05,0.00,0.00,0.42,1.22,0.10,0.42,0.02,0.49,0.73,0.40,,,,,,,,,
Olen Zellweger,ANA,22,D,67,19.1,0.10,0.23,0.33,1.79,0.01,0.05,0.00,0.00,1.31,0.82,-0.05,0.34,0.01,0.00,0.00,0.00,,,,,,,,,
Brent Burns,COL,40,D,82,17.5,0.08,0.25,0.33,1.81,0.01,0.05,0.00,0.00,1.02,0.42,0.08,0.31,0.01,0.00,0.00,0.26,,,,,,,,,
Fraser Minten,BOS,21,C,53,13.6,0.16,0.17,0.33,1.25,0.01,0.02,0.01,0.02,0.52,1.72,-0.05,0.29,0.02,3.85,4.54,0.46,,,,,,,,,
Sam Steel,DAL,28,C,79,13.9,0.11,0.22,0.33,1.16,0.00,0.00,0.01,0.03,0.38,0.82,0.05,0.36,0.02,2.58,2.62,0.50,,,,,,,,,
Jakob Pelletier,T.B,25,"LW,RW",61,10.9,0.13,0.20,0.33,1.08,0.00,0.00,0.00,0.01,0.43,1.05,0.09,0.22,0.02,0.22,0.36,0.38,,,,,,,,,
Alex Vlasic,CHI,24,D,80,23.6,0.06,0.27,0.33,1.24,0.00,0.05,0.00,0.00,1.96,0.80,-0.12,0.34,0.01,0.00,0.00,0.00,,,,,,,,,
Dylan Demelo,WPG,32,D,81,21.6,0.05,0.28,0.32,1.07,0.00,0.00,0.00,0.01,1.51,1.61,0.08,0.51,0.01,0.00,0.00,0.00,,,,,,,,,
Dante Fabbro,CBJ,27,D,76,21.2,0.09,0.23,0.32,1.42,0.00,0.00,0.00,0.00,2.00,1.03,0.01,0.60,0.01,0.00,0.00,0.00,,,,,,,,,
Adam Pelech,NYI,31,D,73,21.3,0.04,0.28,0.32,1.64,0.00,0.00,0.00,0.01,1.65,1.13,-0.02,0.53,0.01,0.00,0.00,0.00,,,,,,,,,
Evan Rodrigues,FLA,32,"C,LW,RW",80,13.3,0.12,0.20,0.32,1.71,0.01,0.03,0.00,0.00,0.31,1.30,0.07,0.37,0.02,1.25,1.37,0.48,,,,,,,,,
Nick Foligno,CHI,38,"C,LW",78,15.1,0.13,0.18,0.32,1.33,0.01,0.03,0.01,0.01,0.47,2.27,-0.10,0.61,0.02,3.76,3.59,0.51,,,,,,,,,
Logan O'Connor,COL,29,RW,78,14.1,0.14,0.17,0.31,1.21,0.00,0.00,0.02,0.03,0.62,0.97,0.07,0.41,0.02,0.27,0.51,0.34,,,,,,,,,
Drew O'Connor,VAN,27,LW,78,13.5,0.14,0.18,0.31,1.39,0.00,0.01,0.01,0.02,0.63,0.88,-0.01,0.32,0.02,0.50,0.64,0.44,,,,,,,,,
Zachary L'Heureux,NSH,22,LW,74,12.7,0.12,0.19,0.31,1.27,0.01,0.02,0.00,0.00,0.45,2.80,-0.05,0.62,0.02,0.00,0.07,0.00,,,,,,,,,
Jason Dickinson,CHI,30,C,78,15.0,0.14,0.17,0.31,1.12,0.00,0.00,0.00,0.01,0.83,1.52,-0.10,0.39,0.02,6.71,6.93,0.49,,,,,,,,,
Matt Roy,WSH,31,D,80,19.8,0.06,0.25,0.31,1.40,0.00,0.00,0.00,0.01,1.79,1.58,0.03,0.37,0.01,0.00,0.00,0.00,,,,,,,,,
Justin Brazeau,PIT,28,RW,69,12.6,0.15,0.16,0.31,1.27,0.04,0.06,0.00,0.00,0.54,1.74,-0.07,0.20,0.02,0.05,0.15,0.24,,,,,,,,,
Cam York,PHI,25,D,76,21.0,0.08,0.23,0.31,1.11,0.00,0.01,0.00,0.01,1.92,1.02,-0.05,0.45,0.01,0.00,0.00,0.00,,,,,,,,,
Anthony Beauvillier,WSH,28,LW,79,12.8,0.14,0.16,0.31,1.68,0.00,0.00,0.00,0.01,0.46,1.42,0.02,0.21,0.02,0.15,0.22,0.40,,,,,,,,,
Tyler Myers,VAN,36,D,79,20.7,0.05,0.25,0.31,1.26,0.00,0.01,0.01,0.02,1.79,1.30,0.00,0.82,0.01,0.00,0.00,0.00,,,,,,,,,
Mikey Anderson,L.A,26,D,80,22.5,0.06,0.24,0.31,1.21,0.00,0.00,0.00,0.00,1.72,1.52,0.04,0.38,0.01,0.00,0.00,0.00,,,,,,,,,
Michael Carcone,UTA,29,LW,68,10.6,0.16,0.15,0.31,1.29,0.01,0.02,0.00,0.00,0.27,0.93,-0.01,0.38,0.02,0.06,0.10,0.38,,,,,,,,,
Corey Perry,L.A,40,RW,78,11.9,0.17,0.13,0.31,1.28,0.04,0.08,0.00,0.00,0.34,0.69,0.02,0.63,0.03,0.07,0.23,0.24,,,,,,,,,
Erik Haula,NSH,35,"C,LW",79,14.5,0.14,0.17,0.31,1.58,0.01,0.02,0.01,0.01,0.53,1.29,-0.05,0.52,0.02,5.62,4.81,0.54,,,,,,,,,
Blake Lizotte,PIT,28,C,75,12.6,0.14,0.17,0.30,1.04,0.00,0.00,0.01,0.01,0.51,1.13,-0.07,0.45,0.02,3.30,3.31,0.50,,,,,,,,,
Teddy Blueger,VAN,31,C,78,13.8,0.08,0.22,0.30,1.20,0.00,0.00,0.01,0.02,0.55,1.21,-0.01,0.38,0.01,5.95,5.59,0.52,,,,,,,,,
Timothy Liljegren,S.J,26,D,74,19.5,0.08,0.23,0.30,1.37,0.01,0.03,0.00,0.01,1.72,1.20,-0.09,0.48,0.01,0.00,0.00,0.00,,,,,,,,,
Damon Severson,CBJ,31,D,78,17.4,0.08,0.22,0.30,1.12,0.00,0.01,0.00,0.01,1.31,0.72,-0.02,0.51,0.01,0.00,0.00,0.00,,,,,,,,,
Josh Manson,COL,34,D,70,18.2,0.06,0.24,0.30,1.44,0.00,0.00,0.00,0.01,1.37,2.06,0.05,0.78,0.01,0.00,0.00,0.00,,,,,,,,,
Erik Gustafsson (D),DET,34,D,76,15.6,0.05,0.25,0.30,1.09,0.00,0.07,0.00,0.00,0.84,0.70,-0.03,0.35,0.01,0.00,0.00,0.00,,,,,,,,,
Dylan Samberg,WPG,27,D,76,21.3,0.06,0.24,0.30,1.45,0.00,0.01,0.00,0.00,1.95,1.13,0.07,0.45,0.01,0.00,0.00,0.00,,,,,,,,,
Alexander Nikishin,CAR,24,D,72,18.0,0.09,0.20,0.30,1.74,0.01,0.03,0.00,0.00,1.20,1.39,0.08,0.52,0.02,0.00,0.00,0.00,,,,,,,,,
Ryker Evans,SEA,24,D,73,18.3,0.06,0.24,0.30,0.89,0.00,0.04,0.00,0.00,1.35,1.47,-0.08,0.43,0.01,0.00,0.00,0.00,,,,,,,,,
Connor Brown,N.J,32,RW,73,14.1,0.12,0.18,0.29,1.50,0.00,0.00,0.01,0.02,0.46,0.45,0.03,0.20,0.02,0.21,0.34,0.38,,,,,,,,,
Nic Dowd,WSH,35,C,78,15.1,0.15,0.15,0.29,1.04,0.00,0.00,0.01,0.02,0.96,1.60,0.02,0.49,0.02,7.26,7.44,0.49,,,,,,,,,
Marcus Johansson,MIN,35,LW,80,12.9,0.11,0.18,0.29,1.27,0.01,0.02,0.01,0.01,0.32,0.59,0.01,0.18,0.02,0.08,0.20,0.28,,,,,,,,,
Mason Appleton,DET,30,"C,RW",76,12.8,0.11,0.18,0.29,1.30,0.00,0.00,0.00,0.00,0.39,1.00,-0.02,0.26,0.02,0.11,0.13,0.45,,,,,,,,,
Jalen Chatfield,CAR,29,D,80,19.5,0.10,0.19,0.29,1.49,0.00,0.00,0.00,0.01,1.10,0.99,0.09,0.52,0.02,0.00,0.00,0.00,,,,,,,,,
Mathieu Joseph,STL,29,RW,74,12.1,0.08,0.21,0.29,1.17,0.00,0.00,0.01,0.02,0.58,1.67,0.00,0.36,0.01,0.36,0.61,0.37,,,,,,,,,
Nikita Zadorov,BOS,30,D,81,20.7,0.09,0.20,0.29,1.36,0.00,0.00,0.00,0.01,1.36,2.40,-0.04,1.16,0.01,0.00,0.00,0.00,,,,,,,,,
Janis Moser,T.B,25,D,77,18.8,0.06,0.23,0.29,0.96,0.00,0.02,0.01,0.01,1.36,0.95,0.07,0.41,0.01,0.00,0.00,0.00,,,,,,,,,
Jacob Middleton,MIN,30,D,79,20.7,0.08,0.21,0.29,1.26,0.00,0.00,0.00,0.01,2.09,1.49,0.00,0.70,0.01,0.00,0.00,0.00,,,,,,,,,
Calle Jarnkrok,TOR,34,C,66,11.7,0.11,0.18,0.29,0.98,0.00,0.00,0.01,0.01,0.36,1.02,0.06,0.24,0.02,0.44,0.59,0.43,,,,,,,,,
Nick Perbix,NSH,27,D,79,16.7,0.06,0.23,0.29,1.01,0.00,0.00,0.00,0.00,1.20,0.95,-0.04,0.29,0.01,0.00,0.00,0.00,,,,,,,,,
Alex Carrier,MTL,29,D,76,20.2,0.05,0.24,0.29,1.08,0.00,0.00,0.00,0.01,2.02,1.02,-0.01,0.56,0.01,0.00,0.00,0.00,,,,,,,,,
Nick Blankenburg,NSH,27,D,64,19.6,0.07,0.21,0.29,1.32,0.01,0.08,0.00,0.00,1.34,1.10,-0.05,0.43,0.01,0.00,0.00,0.00,,,,,,,,,
Pontus Holmberg,T.B,27,RW,71,11.3,0.11,0.17,0.28,0.98,0.00,0.00,0.01,0.01,0.70,0.85,0.08,0.35,0.02,1.86,2.09,0.47,,,,,,,,,
Rasmus Ristolainen,PHI,31,D,71,20.7,0.05,0.23,0.28,1.53,0.01,0.05,0.00,0.01,1.61,1.59,-0.05,0.36,0.01,0.00,0.00,0.00,,,,,,,,,
Josh Anderson,MTL,31,RW,80,14.0,0.15,0.13,0.28,1.41,0.00,0.00,0.01,0.02,0.54,1.90,0.00,0.71,0.02,0.28,0.26,0.52,,,,,,,,,
Ondrej Palat,N.J,35,LW,76,12.1,0.12,0.16,0.28,1.13,0.00,0.01,0.00,0.01,0.63,1.29,0.03,0.22,0.02,0.04,0.18,0.18,,,,,,,,,
Tanner Pearson,WPG,33,LW,71,11.9,0.11,0.17,0.28,1.35,0.00,0.00,0.00,0.00,0.57,1.15,0.02,0.28,0.02,0.09,0.26,0.25,,,,,,,,,
Adam Larsson,SEA,33,D,82,21.4,0.06,0.22,0.28,1.43,0.00,0.00,0.00,0.00,1.82,1.49,-0.05,0.47,0.01,0.00,0.00,0.00,,,,,,,,,
Mathieu Olivier,CBJ,29,RW,77,11.8,0.14,0.14,0.28,1.14,0.00,0.01,0.01,0.01,0.73,2.83,-0.03,1.03,0.02,0.10,0.24,0.30,,,,,,,,,
Justin Danforth,BUF,33,RW,75,12.4,0.12,0.16,0.28,1.26,0.00,0.00,0.01,0.01,0.64,1.65,0.00,0.26,0.02,4.01,4.26,0.48,,,,,,,,,
Landon Slaggert,CHI,23,LW,58,12.2,0.10,0.17,0.28,1.05,0.00,0.00,0.00,0.01,0.43,0.92,-0.10,0.43,0.02,0.00,0.06,0.00,,,,,,,,,
Martin Pospisil,CGY,26,"C,RW",77,11.2,0.08,0.20,0.28,1.22,0.01,0.02,0.00,0.00,0.31,2.87,-0.04,0.64,0.01,0.68,0.94,0.42,,,,,,,,,
Mark Jankowski,CAR,31,C,68,12.4,0.16,0.12,0.27,1.14,0.00,0.00,0.01,0.01,0.55,0.69,0.08,0.34,0.03,3.58,3.33,0.52,,,,,,,,,
Olli Maatta,UTA,31,D,79,19.5,0.05,0.22,0.27,0.95,0.00,0.00,0.00,0.00,1.62,0.68,0.00,0.26,0.01,0.00,0.00,0.00,,,,,,,,,
Artem Zub,OTT,30,D,73,20.4,0.05,0.22,0.27,1.08,0.00,0.00,0.00,0.02,1.87,1.37,0.03,0.55,0.01,0.00,0.00,0.00,,,,,,,,,
Pierre Engvall,NYI,29,LW,77,11.8,0.13,0.14,0.27,1.42,0.00,0.00,0.00,0.00,0.24,0.68,-0.02,0.25,0.02,0.25,0.34,0.42,,,,,,,,,
Ryan Pulock,NYI,31,D,77,20.9,0.05,0.22,0.27,1.25,0.01,0.02,0.00,0.02,2.08,1.39,-0.04,0.25,0.01,0.00,0.00,0.00,,,,,,,,,
Nick Bjugstad,STL,33,C,78,10.5,0.12,0.15,0.27,1.36,0.00,0.00,0.00,0.00,0.40,1.35,0.01,0.29,0.02,3.47,3.71,0.48,,,,,,,,,
Keegan Kolesar,VGK,28,RW,81,11.2,0.11,0.16,0.27,0.94,0.00,0.00,0.00,0.01,0.51,2.64,0.05,0.54,0.02,0.07,0.13,0.35,,,,,,,,,
Kaedan Korczak,VGK,25,D,68,16.6,0.03,0.24,0.27,1.03,0.00,0.00,0.00,0.00,1.18,1.46,0.10,0.25,0.00,0.00,0.00,0.00,,,,,,,,,
Taylor Raddysh,NYR,28,RW,80,12.1,0.10,0.17,0.27,1.16,0.00,0.00,0.00,0.00,0.37,0.88,0.02,0.23,0.02,0.14,0.22,0.39,,,,,,,,,
William Borgen,NYR,29,D,82,18.8,0.05,0.21,0.27,1.11,0.00,0.00,0.01,0.01,1.52,1.76,-0.01,0.54,0.01,0.00,0.00,0.00,,,,,,,,,
Mitchell Chaffee,T.B,28,RW,67,11.2,0.15,0.12,0.27,1.02,0.03,0.05,0.00,0.00,0.39,1.92,0.06,0.27,0.03,0.04,0.11,0.27,,,,,,,,,
Shakir Mukhamadullin,S.J,24,D,59,18.3,0.06,0.21,0.27,1.03,0.00,0.03,0.00,0.00,1.63,1.08,-0.10,0.39,0.01,0.00,0.00,0.00,,,,,,,,,
Brett Pesce,N.J,31,D,79,21.2,0.05,0.21,0.27,1.49,0.00,0.00,0.01,0.01,1.78,0.49,0.04,0.39,0.01,0.00,0.00,0.00,,,,,,,,,
Frederick Gaudreau,SEA,32,C,80,12.9,0.11,0.16,0.27,1.14,0.01,0.01,0.00,0.01,0.65,0.63,-0.08,0.15,0.02,5.12,5.34,0.49,,,,,,,,,
Paul Cotter,N.J,26,LW,78,11.1,0.14,0.12,0.27,1.06,0.00,0.01,0.00,0.00,0.36,2.48,0.02,0.39,0.02,0.38,0.38,0.50,,,,,,,,,
Kasperi Kapanen,EDM,29,RW,77,12.1,0.10,0.16,0.26,1.13,0.00,0.01,0.01,0.01,0.30,1.23,0.05,0.24,0.02,0.45,0.74,0.38,,,,,,,,,
Kevin Stenlund,UTA,29,C,79,13.4,0.14,0.12,0.26,1.19,0.00,0.00,0.02,0.02,0.70,0.85,-0.03,0.48,0.02,6.53,5.24,0.55,,,,,,,,,
Mario Ferraro,S.J,27,D,80,22.4,0.06,0.20,0.26,1.25,0.00,0.00,0.00,0.01,1.89,1.68,-0.13,0.53,0.01,0.00,0.00,0.00,,,,,,,,,
Juuso Parssinen,NYR,25,C,67,10.4,0.11,0.15,0.26,0.77,0.01,0.02,0.00,0.00,0.47,1.63,0.00,0.28,0.02,1.80,2.27,0.44,,,,,,,,,
Joel Armia,L.A,32,RW,76,11.9,0.13,0.13,0.26,1.20,0.00,0.00,0.02,0.02,0.42,0.98,0.00,0.29,0.02,0.04,0.11,0.27,,,,,,,,,
Peyton Krebs,BUF,25,C,81,11.2,0.09,0.17,0.26,0.85,0.00,0.00,0.01,0.01,0.33,1.32,0.00,0.47,0.01,3.10,3.47,0.47,,,,,,,,,
Martin Fehervary,WSH,26,D,78,18.9,0.06,0.20,0.26,0.96,0.00,0.00,0.00,0.02,1.76,1.84,0.01,0.37,0.01,0.00,0.00,0.00,,,,,,,,,
Conor Timmins,BUF,27,D,69,15.7,0.05,0.21,0.26,0.95,0.00,0.01,0.00,0.00,1.21,0.96,0.02,0.42,0.01,0.00,0.00,0.00,,,,,,,,,
Liam Ohgren,MIN,22,LW,53,11.0,0.11,0.15,0.26,1.24,0.02,0.05,0.00,0.00,0.46,1.48,0.00,0.22,0.02,0.00,0.02,0.00,,,,,,,,,
Jack Drury,COL,26,C,75,12.2,0.10,0.16,0.26,1.23,0.00,0.01,0.00,0.00,0.63,0.74,0.06,0.35,0.02,5.18,4.04,0.56,,,,,,,,,
Erik Cernak,T.B,28,D,78,19.6,0.04,0.22,0.26,0.98,0.00,0.00,0.00,0.01,1.50,2.15,0.08,0.65,0.01,0.00,0.00,0.00,,,,,,,,,
Jesper Boqvist,FLA,27,C,75,10.9,0.12,0.14,0.26,0.96,0.00,0.00,0.01,0.01,0.32,1.79,0.05,0.16,0.02,0.76,1.22,0.39,,,,,,,,,
Kevin Bahl,CGY,25,D,76,21.3,0.04,0.22,0.26,1.08,0.00,0.00,0.00,0.00,1.63,1.63,-0.06,0.63,0.01,0.00,0.00,0.00,,,,,,,,,
Lian Bichsel,DAL,21,D,64,16.4,0.08,0.17,0.26,1.07,0.00,0.00,0.00,0.00,0.97,2.73,0.06,0.70,0.01,0.00,0.00,0.00,,,,,,,,,
Emil Heineman,NYI,24,LW,70,10.6,0.13,0.13,0.25,0.98,0.01,0.02,0.00,0.00,0.42,2.38,-0.02,0.28,0.02,0.01,0.09,0.14,,,,,,,,,
Adam Klapka,CGY,25,RW,55,9.5,0.14,0.12,0.25,1.22,0.00,0.01,0.00,0.00,0.64,2.78,-0.05,0.40,0.02,0.17,0.36,0.32,,,,,,,,,
William Carrier,CAR,31,LW,67,11.2,0.13,0.12,0.25,1.29,0.00,0.00,0.00,0.00,0.36,2.66,0.08,0.37,0.02,0.10,0.16,0.38,,,,,,,,,
Brayden McNabb,VGK,35,D,82,20.3,0.04,0.21,0.25,1.17,0.00,0.00,0.00,0.02,2.13,1.64,0.09,0.45,0.01,0.00,0.00,0.00,,,,,,,,,
Logan Mailloux,STL,22,D,65,20.0,0.07,0.18,0.25,1.50,0.00,0.02,0.00,0.00,1.29,2.08,0.02,1.01,0.01,0.00,0.00,0.00,,,,,,,,,
Nick Jensen,OTT,35,D,79,19.3,0.03,0.22,0.25,1.07,0.00,0.00,0.00,0.00,1.42,0.90,0.02,0.20,0.01,0.00,0.00,0.00,,,,,,,,,
Ryan Lindgren,SEA,28,D,78,17.7,0.04,0.21,0.25,0.89,0.00,0.00,0.00,0.01,1.44,1.13,-0.07,0.49,0.01,0.00,0.00,0.00,,,,,,,,,
Tanner Jeannot,BOS,28,"LW,RW",75,12.2,0.11,0.13,0.25,1.05,0.00,0.00,0.00,0.00,0.58,3.17,-0.05,0.96,0.02,0.17,0.23,0.42,,,,,,,,,
Jordan Greenway,BUF,29,LW,69,13.4,0.10,0.15,0.25,1.13,0.00,0.00,0.00,0.01,0.74,1.97,0.00,0.57,0.01,0.17,0.54,0.23,,,,,,,,,
Cody Ceci,L.A,32,D,82,18.5,0.04,0.21,0.25,1.04,0.00,0.00,0.00,0.01,1.48,0.96,-0.01,0.27,0.01,0.00,0.00,0.00,,,,,,,,,
Egor Zamula,PHI,25,D,70,16.2,0.05,0.20,0.25,0.73,0.00,0.01,0.00,0.00,1.35,0.66,-0.05,0.29,0.01,0.00,0.00,0.00,,,,,,,,,
Miles Wood,CBJ,30,LW,72,10.4,0.10,0.15,0.25,1.55,0.00,0.00,0.00,0.00,0.37,1.26,-0.02,0.56,0.01,0.07,0.20,0.26,,,,,,,,,
Jacob Bernard-Docker,DET,25,D,67,18.0,0.06,0.19,0.25,1.00,0.00,0.00,0.00,0.01,1.81,1.05,-0.02,0.46,0.01,0.00,0.00,0.00,,,,,,,,,
Brett Kulak,EDM,32,D,82,18.3,0.05,0.19,0.24,1.41,0.00,0.00,0.00,0.00,1.33,0.68,0.08,0.36,0.01,0.00,0.00,0.00,,,,,,,,,
Colton Sissons,VGK,32,"C,LW",80,11.7,0.09,0.15,0.24,0.96,0.00,0.00,0.00,0.01,0.66,1.33,0.05,0.27,0.02,4.34,3.76,0.54,,,,,,,,,
Jacob Trouba,ANA,32,D,79,19.5,0.04,0.21,0.24,1.52,0.00,0.00,0.00,0.01,2.33,1.98,-0.08,0.70,0.01,0.00,0.00,0.00,,,,,,,,,
Alexei Toropchenko,STL,26,RW,80,12.1,0.11,0.13,0.24,1.13,0.00,0.00,0.01,0.01,0.59,2.37,0.00,0.30,0.02,0.03,0.08,0.24,,,,,,,,,
Justin Barron,NSH,24,D,70,17.2,0.09,0.15,0.24,1.11,0.00,0.00,0.00,0.00,1.30,1.25,-0.06,0.39,0.01,0.00,0.00,0.00,,,,,,,,,
Brandon Duhaime,WSH,28,RW,79,13.3,0.11,0.13,0.24,1.17,0.00,0.00,0.01,0.02,0.72,2.23,0.01,0.79,0.02,0.18,0.28,0.39,,,,,,,,,
Johnathan Kovacevic,N.J,28,D,79,19.6,0.05,0.19,0.24,1.02,0.00,0.00,0.00,0.00,1.36,1.27,0.06,0.68,0.01,0.00,0.00,0.00,,,,,,,,,
Sean Walker,CAR,31,D,81,17.1,0.07,0.17,0.24,1.60,0.00,0.01,0.01,0.01,1.25,1.17,0.07,0.54,0.01,0.00,0.00,0.00,,,,,,,,,
Owen Pickering,PIT,22,D,58,18.1,0.06,0.18,0.24,0.95,0.00,0.00,0.00,0.00,1.28,0.99,-0.07,0.38,0.01,0.00,0.00,0.00,,,,,,,,,
Connor Dewar,PIT,26,C,75,11.7,0.11,0.13,0.24,1.12,0.00,0.00,0.01,0.03,0.66,2.22,-0.08,0.34,0.01,1.79,2.21,0.45,,,,,,,,,
Drew Helleson,ANA,24,D,66,16.5,0.07,0.17,0.24,1.09,0.00,0.00,0.00,0.01,1.31,1.52,-0.06,0.53,0.01,0.00,0.00,0.00,,,,,,,,,
Brandon Tanev,UTA,34,"LW,RW",79,12.3,0.10,0.13,0.24,1.16,0.00,0.00,0.00,0.01,1.00,1.92,-0.02,0.36,0.02,0.07,0.28,0.21,,,,,,,,,
Cole Koepke,WPG,27,LW,64,10.9,0.12,0.12,0.24,1.11,0.00,0.00,0.00,0.00,0.38,2.23,0.04,0.24,0.02,0.00,0.03,0.00,,,,,,,,,
Radko Gudas,ANA,35,D,79,19.7,0.04,0.19,0.23,1.24,0.00,0.00,0.00,0.00,2.07,2.88,-0.04,1.01,0.01,0.00,0.00,0.00,,,,,,,,,
Mark Kastelic,BOS,27,"C,RW",74,10.8,0.10,0.13,0.23,1.16,0.00,0.00,0.00,0.00,0.61,2.93,-0.05,0.97,0.01,3.78,3.09,0.55,,,,,,,,,
Adam Edstrom,NYR,25,C,60,10.7,0.12,0.11,0.23,0.95,0.00,0.00,0.00,0.00,0.64,1.97,0.02,0.31,0.02,0.00,0.09,0.00,,,,,,,,,
Urho Vaakanainen,NYR,27,D,69,16.7,0.03,0.20,0.23,0.92,0.00,0.00,0.00,0.00,1.11,0.73,0.02,0.34,0.01,0.00,0.00,0.00,,,,,,,,,
Simon Nemec,N.J,22,D,65,16.4,0.06,0.18,0.23,0.98,0.00,0.02,0.00,0.00,1.25,0.60,0.01,0.45,0.01,0.00,0.00,0.00,,,,,,,,,
Garnet Hathaway,PHI,34,RW,80,11.9,0.11,0.13,0.23,1.17,0.00,0.00,0.02,0.02,0.85,3.38,-0.04,0.64,0.02,0.12,0.16,0.45,,,,,,,,,
Henri Jokiharju,BOS,26,D,75,17.8,0.05,0.18,0.23,1.06,0.00,0.01,0.00,0.00,1.12,0.99,-0.04,0.33,0.01,0.00,0.00,0.00,,,,,,,,,
Carl Grundstrom,S.J,28,RW,71,11.0,0.11,0.12,0.23,1.66,0.00,0.00,0.00,0.00,0.37,2.75,-0.10,0.33,0.01,0.06,0.10,0.36,,,,,,,,,
Parker Kelly,COL,26,"C,LW",79,12.2,0.10,0.13,0.23,1.18,0.00,0.00,0.01,0.03,0.81,1.97,0.05,0.40,0.02,2.44,4.10,0.37,,,,,,,,,
Sam Malinski,COL,27,D,70,15.8,0.06,0.16,0.23,1.39,0.00,0.00,0.00,0.00,1.31,0.84,0.07,0.28,0.01,0.00,0.00,0.00,,,,,,,,,
Chris Tanev,TOR,36,D,78,19.7,0.03,0.20,0.23,0.77,0.00,0.00,0.00,0.01,2.34,0.59,0.08,0.36,0.00,0.00,0.00,0.00,,,,,,,,,
Nick Cousins,OTT,32,LW,74,10.6,0.09,0.14,0.23,1.24,0.00,0.00,0.00,0.00,0.45,1.51,0.01,0.50,0.02,0.19,0.30,0.39,,,,,,,,,
Michael Eyssimont,BOS,29,"C,LW",78,10.6,0.10,0.12,0.23,1.70,0.00,0.00,0.00,0.00,0.34,1.49,-0.03,0.67,0.01,0.10,0.16,0.39,,,,,,,,,
Mattias Janmark,EDM,33,C,79,13.2,0.05,0.17,0.23,0.84,0.00,0.00,0.01,0.02,0.42,0.70,0.06,0.37,0.01,1.03,1.42,0.42,,,,,,,,,
Trevor Van Riemsdyk,WSH,34,D,80,17.6,0.03,0.20,0.23,1.02,0.00,0.00,0.00,0.00,1.66,0.42,0.03,0.28,0.00,0.00,0.00,0.00,,,,,,,,,
Connor Murphy,CHI,33,D,74,20.6,0.05,0.18,0.22,1.22,0.00,0.00,0.00,0.01,2.20,1.78,-0.10,0.77,0.01,0.00,0.00,0.00,,,,,,,,,
Niko Mikkola,FLA,29,D,81,20.1,0.05,0.17,0.22,1.33,0.00,0.00,0.00,0.00,1.36,1.85,0.06,0.68,0.01,0.00,0.00,0.00,,,,,,,,,
David Kampf,TOR,31,C,77,12.5,0.08,0.14,0.22,0.92,0.00,0.00,0.00,0.01,0.42,1.03,0.03,0.21,0.01,5.14,4.90,0.51,,,,,,,,,
Kevin Korchinski,CHI,21,D,66,17.5,0.06,0.16,0.22,1.07,0.00,0.07,0.00,0.00,1.06,0.63,-0.11,0.34,0.01,0.00,0.00,0.00,,,,,,,,,
Cole Smith,NSH,30,LW,79,13.4,0.08,0.14,0.22,1.08,0.00,0.00,0.00,0.02,0.43,2.35,-0.06,0.67,0.01,0.07,0.14,0.33,,,,,,,,,
Joel Edmundson,L.A,32,D,74,19.2,0.05,0.17,0.22,1.16,0.00,0.00,0.00,0.00,1.44,1.36,0.01,0.43,0.01,0.00,0.00,0.00,,,,,,,,,
Wyatt Kaiser,CHI,23,D,66,18.1,0.06,0.16,0.22,1.09,0.00,0.00,0.00,0.00,1.56,0.98,-0.08,0.40,0.01,0.00,0.00,0.00,,,,,,,,,
Brenden Dillon,N.J,35,D,81,18.6,0.04,0.17,0.22,0.79,0.00,0.00,0.00,0.01,1.39,2.19,0.03,0.80,0.01,0.00,0.00,0.00,,,,,,,,,
Tye Kartye,SEA,24,LW,76,9.7,0.11,0.11,0.22,0.95,0.00,0.00,0.01,0.01,0.41,2.43,-0.07,0.39,0.01,0.14,0.26,0.35,,,,,,,,,
Jonas Siegenthaler,N.J,28,D,74,19.5,0.04,0.18,0.22,1.04,0.00,0.00,0.00,0.00,1.67,1.35,0.06,0.50,0.01,0.00,0.00,0.00,,,,,,,,,
Jayden Struble,MTL,24,D,71,15.9,0.04,0.17,0.22,0.86,0.00,0.00,0.00,0.00,1.12,1.83,0.02,0.60,0.01,0.00,0.00,0.00,,,,,,,,,
Oskar Sundqvist,STL,32,C,76,12.1,0.05,0.17,0.21,0.82,0.00,0.01,0.00,0.01,0.64,1.13,-0.01,0.38,0.01,2.86,3.70,0.44,,,,,,,,,
Jeff Petry,FLA,38,D,72,15.1,0.03,0.18,0.21,0.88,0.00,0.00,0.00,0.00,1.28,1.20,0.04,0.34,0.01,0.00,0.00,0.00,,,,,,,,,
Ben Chiarot,DET,34,D,81,20.4,0.05,0.16,0.21,1.32,0.00,0.00,0.00,0.00,1.83,1.62,-0.07,0.66,0.01,0.00,0.00,0.00,,,,,,,,,
Nick Seeler,PHI,32,D,79,17.5,0.03,0.18,0.21,1.18,0.00,0.00,0.00,0.02,2.38,1.60,-0.03,0.58,0.01,0.00,0.00,0.00,,,,,,,,,
Lars Eller,OTT,36,C,82,11.7,0.09,0.12,0.21,1.22,0.00,0.00,0.00,0.01,0.44,0.76,0.00,0.35,0.02,4.48,4.04,0.53,,,,,,,,,
Sean Kuraly,BOS,33,C,78,11.8,0.09,0.12,0.21,1.13,0.00,0.00,0.00,0.00,0.52,1.98,-0.05,0.47,0.01,4.15,3.95,0.51,,,,,,,,,
Nicolas Hague,NSH,27,D,78,18.9,0.05,0.16,0.21,1.26,0.00,0.00,0.00,0.00,1.41,1.47,-0.07,0.53,0.01,0.00,0.00,0.00,,,,,,,,,
Michael McCarron,NSH,31,C,74,12.9,0.09,0.12,0.21,1.11,0.00,0.00,0.00,0.01,0.74,1.87,-0.06,0.82,0.01,5.98,5.00,0.54,,,,,,,,,
Dmitry Kulikov,FLA,35,D,78,15.9,0.03,0.18,0.21,0.96,0.00,0.00,0.00,0.00,1.08,1.36,0.06,0.41,0.01,0.00,0.00,0.00,,,,,,,,,
Morgan Barron,WPG,27,C,79,10.3,0.11,0.10,0.21,1.19,0.00,0.00,0.00,0.01,0.51,1.63,0.04,0.27,0.02,0.86,0.92,0.48,,,,,,,,,
Jamie Oleksiak,SEA,33,D,81,19.0,0.05,0.16,0.21,0.98,0.00,0.00,0.00,0.00,1.90,1.10,-0.08,0.47,0.01,0.00,0.00,0.00,,,,,,,,,
Isac Lundestrom,CBJ,26,C,74,12.7,0.08,0.13,0.21,0.80,0.00,0.00,0.00,0.01,0.71,0.81,-0.03,0.14,0.01,4.86,5.62,0.46,,,,,,,,,
Ty Dellandrea,S.J,25,C,74,11.9,0.06,0.15,0.21,0.89,0.00,0.00,0.00,0.01,0.59,2.02,-0.13,0.58,0.01,2.53,2.71,0.48,,,,,,,,,
Mattias Samuelsson,BUF,26,D,70,19.3,0.05,0.16,0.21,0.98,0.00,0.00,0.00,0.00,1.61,1.67,-0.01,0.36,0.01,0.00,0.00,0.00,,,,,,,,,
Zach Whitecloud,VGK,29,D,75,17.6,0.05,0.16,0.21,0.98,0.00,0.00,0.00,0.00,1.45,1.58,0.06,0.44,0.01,0.00,0.00,0.00,,,,,,,,,
Colin Blackwell,DAL,33,C,71,11.5,0.09,0.12,0.21,1.08,0.00,0.00,0.02,0.03,0.40,1.33,0.06,0.23,0.01,1.84,1.98,0.48,,,,,,,,,
Yakov Trenin,MIN,29,C,80,12.2,0.11,0.10,0.21,1.18,0.00,0.00,0.01,0.01,0.42,2.51,0.00,0.41,0.02,0.37,0.49,0.43,,,,,,,,,
Brandon Carlo,TOR,29,D,81,19.6,0.04,0.17,0.21,1.08,0.00,0.00,0.00,0.00,1.81,1.36,0.05,0.49,0.01,0.00,0.00,0.00,,,,,,,,,
Brian Dumoulin,L.A,34,D,81,16.7,0.04,0.17,0.21,0.79,0.00,0.00,0.00,0.00,1.20,0.90,0.00,0.22,0.01,0.00,0.00,0.00,,,,,,,,,
Andrew Peeke,BOS,28,D,75,17.4,0.04,0.17,0.21,0.99,0.00,0.00,0.00,0.01,1.61,1.43,-0.07,0.27,0.01,0.00,0.00,0.00,,,,,,,,,
Sam Carrick,NYR,34,C,78,11.9,0.08,0.13,0.21,1.08,0.00,0.00,0.01,0.02,0.51,1.84,0.01,0.78,0.01,4.68,4.13,0.53,,,,,,,,,
Vladislav Kolyachonok,DAL,24,D,55,12.9,0.05,0.15,0.20,0.68,0.00,0.00,0.00,0.00,0.92,0.98,0.05,0.30,0.01,0.00,0.00,0.00,,,,,,,,,
Nick Leddy,S.J,35,D,73,15.8,0.03,0.18,0.20,0.72,0.00,0.00,0.00,0.01,1.02,0.58,-0.09,0.19,0.00,0.00,0.00,0.00,,,,,,,,,
Radek Faksa,DAL,32,C,79,12.0,0.08,0.13,0.20,0.93,0.00,0.00,0.01,0.02,0.66,1.37,0.06,0.35,0.01,4.94,3.82,0.56,,,,,,,,,
Steven Lorentz,TOR,29,"LW,RW",75,10.5,0.09,0.11,0.20,1.00,0.00,0.00,0.01,0.01,0.61,2.26,0.04,0.20,0.01,0.70,0.96,0.42,,,,,,,,,
Parker Wotherspoon,PIT,28,D,65,18.3,0.03,0.17,0.20,0.89,0.00,0.01,0.00,0.00,1.38,1.41,-0.06,0.42,0.00,0.00,0.00,0.00,,,,,,,,,
Logan Stanley,WPG,27,D,65,15.4,0.03,0.16,0.20,0.85,0.00,0.00,0.00,0.00,1.23,1.33,0.04,0.80,0.01,0.00,0.00,0.00,,,,,,,,,
Scott Mayfield,NYI,33,D,74,18.7,0.04,0.15,0.20,1.01,0.00,0.00,0.01,0.01,1.80,1.42,-0.02,0.59,0.01,0.00,0.00,0.00,,,,,,,,,
Nico Sturm,MIN,30,C,75,10.5,0.09,0.10,0.20,0.96,0.00,0.00,0.01,0.01,0.51,1.44,0.01,0.24,0.01,4.45,3.20,0.58,,,,,,,,,
Jeremy Lauzon,VGK,28,D,71,18.6,0.06,0.14,0.19,1.20,0.00,0.00,0.00,0.00,1.37,3.53,0.04,1.01,0.01,0.00,0.00,0.00,,,,,,,,,
Sam Lafferty,CHI,31,"C,RW",77,10.1,0.10,0.10,0.19,0.89,0.00,0.00,0.01,0.02,0.34,1.69,-0.10,0.33,0.01,1.58,1.75,0.47,,,,,,,,,
Oliver Kapanen,MTL,22,C,55,11.1,0.08,0.12,0.19,0.95,0.00,0.01,0.01,0.02,0.51,1.16,0.00,0.25,0.01,1.36,1.81,0.43,,,,,,,,,
Ivan Ivan,COL,23,C,65,9.5,0.10,0.10,0.19,0.81,0.02,0.03,0.00,0.00,0.30,0.91,0.06,0.22,0.02,1.30,1.94,0.40,,,,,,,,,
John Beecher,BOS,24,C,74,11.1,0.08,0.11,0.19,0.66,0.00,0.00,0.00,0.00,0.78,1.45,-0.06,0.34,0.01,3.82,3.40,0.53,,,,,,,,,
Ty Emberson,EDM,25,D,69,14.9,0.03,0.16,0.19,0.82,0.00,0.00,0.00,0.01,1.23,1.60,0.07,0.26,0.01,0.00,0.00,0.00,,,,,,,,,
Ryan Graves,PIT,30,D,76,17.1,0.05,0.14,0.19,0.98,0.00,0.00,0.00,0.01,1.55,1.18,-0.07,0.37,0.01,0.00,0.00,0.00,,,,,,,,,
Nate Schmidt,UTA,34,D,78,15.2,0.04,0.14,0.19,0.91,0.00,0.01,0.00,0.00,0.98,1.00,0.01,0.27,0.01,0.00,0.00,0.00,,,,,,,,,
Albert Johansson,DET,25,D,73,16.7,0.05,0.14,0.19,0.84,0.00,0.00,0.00,0.00,1.36,1.16,-0.05,0.36,0.01,0.00,0.00,0.00,,,,,,,,,
Joel Hanley,CGY,34,D,66,18.6,0.04,0.15,0.19,0.85,0.00,0.00,0.00,0.00,1.61,1.16,-0.04,0.58,0.01,0.00,0.00,0.00,,,,,,,,,
Rodrigo Abols,PHI,30,C,57,9.2,0.08,0.11,0.18,1.01,0.00,0.00,0.00,0.00,0.48,1.51,-0.05,0.22,0.01,3.00,2.14,0.58,,,,,,,,,
Derek Forbort,VAN,34,D,68,17.2,0.04,0.14,0.18,0.76,0.00,0.00,0.00,0.01,1.48,1.33,-0.01,0.56,0.01,0.00,0.00,0.00,,,,,,,,,
Matt Dumba,PIT,31,D,78,18.0,0.04,0.14,0.17,1.05,0.00,0.02,0.00,0.00,1.27,1.54,-0.09,0.74,0.00,0.00,0.00,0.00,,,,,,,,,
Curtis Lazar,EDM,31,C,71,10.4,0.06,0.11,0.17,0.74,0.00,0.00,0.00,0.01,0.53,2.10,0.07,0.33,0.01,3.44,3.42,0.50,,,,,,,,,
Jake Bean,CGY,27,D,71,15.2,0.04,0.13,0.17,1.03,0.00,0.00,0.00,0.00,0.98,0.57,-0.05,0.30,0.01,0.00,0.00,0.00,,,,,,,,,
Ilya Lyubushkin,DAL,31,D,79,17.3,0.02,0.15,0.17,0.70,0.00,0.00,0.00,0.01,1.73,1.37,0.05,0.50,0.00,0.00,0.00,0.00,,,,,,,,,
Zach Bogosian,MIN,35,D,76,15.9,0.04,0.13,0.17,1.02,0.00,0.00,0.00,0.01,1.12,1.16,0.00,0.50,0.01,0.00,0.00,0.15,,,,,,,,,
Tyler Tucker,STL,26,D,61,14.7,0.05,0.12,0.17,0.86,0.00,0.00,0.00,0.01,1.10,1.81,0.00,0.92,0.01,0.00,0.00,0.00,,,,,,,,,
Isaiah George,NYI,22,D,62,14.1,0.04,0.13,0.17,0.77,0.00,0.00,0.00,0.00,0.99,0.87,-0.04,0.27,0.01,0.00,0.00,0.00,,,,,,,,,
Ian Cole,UTA,37,D,81,18.8,0.02,0.15,0.17,0.87,0.00,0.00,0.00,0.00,2.12,1.20,-0.01,0.74,0.00,0.00,0.00,0.00,,,,,,,,,
Tyler Kleven,OTT,24,D,64,14.4,0.05,0.12,0.16,0.93,0.00,0.00,0.00,0.00,1.17,1.21,-0.01,0.33,0.01,0.00,0.00,0.00,,,,,,,,,
Brayden Pachal,CGY,26,D,69,14.3,0.04,0.12,0.15,0.86,0.00,0.00,0.00,0.01,1.13,1.89,-0.05,0.78,0.01,0.00,0.00,0.00,,,,,,,,,
Luke Schenn,WPG,36,D,77,15.7,0.02,0.13,0.15,1.08,0.00,0.00,0.00,0.00,1.29,3.07,0.04,0.66,0.00,0.00,0.00,0.00,,,,,,,,,
Barclay Goodrow,S.J,33,C,81,13.4,0.06,0.09,0.15,0.97,0.00,0.00,0.01,0.01,0.84,1.90,-0.14,0.72,0.01,2.11,2.36,0.47,,,,,,,,,
Ryan Lomberg,CGY,31,LW,81,8.7,0.06,0.08,0.14,0.90,0.00,0.00,0.00,0.00,0.27,1.67,-0.06,0.53,0.01,0.08,0.14,0.36,,,,,,,,,
Tomas Nosek,FLA,33,LW,70,9.2,0.03,0.11,0.14,0.80,0.00,0.00,0.00,0.00,0.40,1.33,0.05,0.24,0.01,3.74,3.13,0.54,,,,,,,,,
Jake Christiansen,CBJ,26,D,64,12.3,0.02,0.12,0.14,0.80,0.00,0.00,0.00,0.00,0.93,0.88,-0.02,0.21,0.00,0.00,0.00,0.00,,,,,,,,,
Justin Holl,DET,34,D,74,14.9,0.02,0.12,0.13,0.59,0.00,0.00,0.00,0.00,1.10,0.92,-0.03,0.34,0.00,0.00,0.00,0.00,,,,,,,,,
Simon Benoit,TOR,27,D,78,16.5,0.02,0.11,0.13,0.73,0.00,0.00,0.00,0.01,1.43,2.40,0.03,0.65,0.00,0.00,0.00,0.00,,,,,,,,,
Nicolas Deslauriers,PHI,35,LW,70,7.6,0.04,0.05,0.09,0.75,0.00,0.00,0.00,0.00,0.31,2.42,-0.06,0.63,0.01,0.04,0.08,0.33,,,,,,,,,
,,,,,,,,,,,,,,,,,,,,,,,,,,,,,,
Lukas Dostal,ANA,25,G,,,,,,,,,,,,,,,,,,,,55,0.45,0.42,0.14,0.05,28.1,0.905,2.94
Petr Mrazek,ANA,33,G,,,,,,,,,,,,,,,,,,,,23,0.42,0.43,0.14,0.04,28.0,0.902,3.04
Jeremy Swayman,BOS,26,G,,,,,,,,,,,,,,,,,,,,55,0.45,0.41,0.14,0.05,27.2,0.906,2.83
Joonas Korpisalo,BOS,31,G,,,,,,,,,,,,,,,,,,,,25,0.42,0.43,0.14,0.03,26.9,0.897,3.09
Alex Lyon,BUF,32,G,,,,,,,,,,,,,,,,,,,,30,0.50,0.37,0.12,0.05,26.5,0.902,2.87
Ukko-Pekka Luukkonen,BUF,26,G,,,,,,,,,,,,,,,,,,,,50,0.52,0.36,0.12,0.05,26.5,0.902,2.89
Frederik Andersen,CAR,35,G,,,,,,,,,,,,,,,,,,,,30,0.58,0.32,0.11,0.06,25.9,0.905,2.71
Pyotr Kochetkov,CAR,26,G,,,,,,,,,,,,,,,,,,,,45,0.59,0.31,0.10,0.06,25.9,0.904,2.74
Jet Greaves,CBJ,24,G,,,,,,,,,,,,,,,,,,,,35,0.49,0.38,0.13,0.06,27.1,0.908,2.73
Elvis Merzlikins,CBJ,31,G,,,,,,,,,,,,,,,,,,,,40,0.47,0.40,0.13,0.04,26.8,0.900,3.00
Dustin Wolf,CGY,24,G,,,,,,,,,,,,,,,,,,,,57,0.43,0.43,0.14,0.06,27.0,0.908,2.73
Ivan Prosvetov,CGY,26,G,,,,,,,,,,,,,,,,,,,,20,0.40,0.45,0.15,0.04,26.7,0.899,3.01
Spencer Knight,CHI,24,G,,,,,,,,,,,,,,,,,,,,50,0.39,0.46,0.15,0.05,27.8,0.906,2.89
Arvid Soderblom,CHI,26,G,,,,,,,,,,,,,,,,,,,,30,0.37,0.47,0.16,0.03,27.5,0.897,3.16
MacKenzie Blackwood,COL,28,G,,,,,,,,,,,,,,,,,,,,56,0.60,0.30,0.10,0.07,26.1,0.907,2.67
Scott Wedgewood,COL,33,G,,,,,,,,,,,,,,,,,,,,24,0.57,0.32,0.11,0.06,26.0,0.903,2.80
Jake Oettinger,DAL,26,G,,,,,,,,,,,,,,,,,,,,60,0.59,0.31,0.10,0.07,26.4,0.909,2.63
Casey DeSmith,DAL,34,G,,,,,,,,,,,,,,,,,,,,20,0.56,0.33,0.11,0.05,26.2,0.902,2.83
Cam Talbot,DET,38,G,,,,,,,,,,,,,,,,,,,,38,0.46,0.40,0.13,0.06,26.9,0.906,2.80
John Gibson,DET,32,G,,,,,,,,,,,,,,,,,,,,42,0.46,0.40,0.13,0.05,26.8,0.903,2.90
Stuart Skinner,EDM,26,G,,,,,,,,,,,,,,,,,,,,50,0.62,0.28,0.09,0.06,25.9,0.904,2.75
Sergei Bobrovsky,FLA,36,G,,,,,,,,,,,,,,,,,,,,55,0.58,0.31,0.10,0.07,25.8,0.909,2.58
Daniil Tarasov (G),FLA,26,G,,,,,,,,,,,,,,,,,,,,25,0.57,0.32,0.11,0.05,25.5,0.899,2.85
Darcy Kuemper,L.A,35,G,,,,,,,,,,,,,,,,,,,,52,0.53,0.35,0.12,0.07,26.2,0.910,2.59
Anton Forsberg,L.A,32,G,,,,,,,,,,,,,,,,,,,,27,0.51,0.37,0.12,0.05,25.9,0.900,2.88
Filip Gustavsson,MIN,27,G,,,,,,,,,,,,,,,,,,,,55,0.53,0.35,0.12,0.07,25.8,0.909,2.57
Sam Montembeault,MTL,28,G,,,,,,,,,,,,,,,,,,,,58,0.52,0.36,0.12,0.05,27.2,0.904,2.88
Jakub Dobes,MTL,24,G,,,,,,,,,,,,,,,,,,,,20,0.49,0.38,0.13,0.05,27.1,0.903,2.92
Jacob Markstrom,N.J,35,G,,,,,,,,,,,,,,,,,,,,50,0.56,0.33,0.11,0.06,26.2,0.905,2.75
Jake Allen,N.J,35,G,,,,,,,,,,,,,,,,,,,,30,0.54,0.34,0.11,0.05,26.0,0.901,2.85
Juuse Saros,NSH,30,G,,,,,,,,,,,,,,,,,,,,60,0.44,0.42,0.14,0.05,27.8,0.906,2.87
Justus Annunen,NSH,25,G,,,,,,,,,,,,,,,,,,,,20,0.42,0.43,0.14,0.03,27.5,0.898,3.14
Ilya Sorokin,NYI,30,G,,,,,,,,,,,,,,,,,,,,55,0.47,0.40,0.13,0.07,26.7,0.910,2.65
David Rittich,NYI,33,G,,,,,,,,,,,,,,,,,,,,25,0.44,0.42,0.14,0.05,26.4,0.901,2.91
Igor Shesterkin,NYR,29,G,,,,,,,,,,,,,,,,,,,,60,0.54,0.34,0.11,0.06,27.6,0.910,2.73
Jonathan Quick,NYR,39,G,,,,,,,,,,,,,,,,,,,,20,0.50,0.38,0.13,0.04,27.3,0.900,3.04
Linus Ullmark,OTT,32,G,,,,,,,,,,,,,,,,,,,,52,0.53,0.36,0.12,0.07,26.5,0.911,2.58
Leevi Merilainen,OTT,23,G,,,,,,,,,,,,,,,,,,,,28,0.50,0.37,0.12,0.06,26.3,0.904,2.80
Dan Vladar,PHI,28,G,,,,,,,,,,,,,,,,,,,,24,0.44,0.42,0.14,0.04,26.0,0.898,2.96
Samuel Ersson,PHI,25,G,,,,,,,,,,,,,,,,,,,,48,0.45,0.42,0.14,0.04,25.9,0.896,3.01
Tristan Jarry,PIT,30,G,,,,,,,,,,,,,,,,,,,,40,0.41,0.44,0.15,0.05,27.3,0.903,2.94
Arturs Silovs,PIT,24,G,,,,,,,,,,,,,,,,,,,,32,0.41,0.45,0.15,0.03,27.2,0.897,3.12
Yaroslav Askarov,S.J,23,G,,,,,,,,,,,,,,,,,,,,48,0.38,0.46,0.15,0.05,28.2,0.906,2.92
Alex Nedeljkovic,S.J,29,G,,,,,,,,,,,,,,,,,,,,32,0.37,0.48,0.16,0.04,28.1,0.901,3.08
Joey Daccord,SEA,29,G,,,,,,,,,,,,,,,,,,,,54,0.43,0.43,0.14,0.06,27.7,0.909,2.77
Philipp Grubauer,SEA,33,G,,,,,,,,,,,,,,,,,,,,24,0.40,0.45,0.15,0.03,27.3,0.897,3.16
Jordan Binnington,STL,32,G,,,,,,,,,,,,,,,,,,,,54,0.50,0.37,0.12,0.06,26.2,0.907,2.69
Joel Hofer,STL,25,G,,,,,,,,,,,,,,,,,,,,26,0.49,0.38,0.13,0.06,26.1,0.905,2.75
Andrei Vasilevskiy,T.B,31,G,,,,,,,,,,,,,,,,,,,,60,0.62,0.29,0.10,0.08,26.1,0.913,2.48
Jonas Johansson,T.B,29,G,,,,,,,,,,,,,,,,,,,,20,0.58,0.31,0.10,0.05,25.6,0.897,2.95
Anthony Stolarz,TOR,31,G,,,,,,,,,,,,,,,,,,,,42,0.56,0.33,0.11,0.08,26.6,0.914,2.49
Joseph Woll,TOR,27,G,,,,,,,,,,,,,,,,,,,,38,0.55,0.34,0.11,0.06,26.3,0.906,2.72
Karel Vejmelka,UTA,29,G,,,,,,,,,,,,,,,,,,,,52,0.50,0.38,0.13,0.05,26.7,0.904,2.83
Connor Ingram,UTA,28,G,,,,,,,,,,,,,,,,,,,,24,0.48,0.39,0.13,0.05,26.6,0.900,2.95
Thatcher Demko,VAN,29,G,,,,,,,,,,,,,,,,,,,,50,0.51,0.37,0.12,0.06,27.3,0.908,2.76
Kevin Lankinen,VAN,30,G,,,,,,,,,,,,,,,,,,,,30,0.49,0.38,0.13,0.05,27.1,0.903,2.91
Adin Hill,VGK,29,G,,,,,,,,,,,,,,,,,,,,54,0.59,0.30,0.10,0.07,25.5,0.908,2.57
Akira Schmid,VGK,25,G,,,,,,,,,,,,,,,,,,,,24,0.57,0.32,0.11,0.06,25.2,0.901,2.78
Connor Hellebuyck,WPG,32,G,,,,,,,,,,,,,,,,,,,,60,0.57,0.32,0.11,0.09,26.3,0.918,2.34
Eric Comrie,WPG,30,G,,,,,,,,,,,,,,,,,,,,20,0.51,0.37,0.12,0.05,25.8,0.900,2.85
Logan Thompson,WSH,28,G,,,,,,,,,,,,,,,,,,,,50,0.53,0.35,0.12,0.06,26.9,0.909,2.70
Charlie Lindgren,WSH,31,G,,,,,,,,,,,,,,,,,,,,30,0.51,0.37,0.12,0.05,26.7,0.903,2.86